"file";"data_offset";"texture_name";"width";"height";"x_start";"y_start";"x_end";"y_end";"x_scrn_off";"y_scrn_off";"description"
"MAP\M_00_09.BIN";"007AFDD0";"03320";"16";"88";"0";"0";"16";"88";"0";"0"
"MAP\M_00_09.BIN";"007AFE30";"03320";"16";"88";"16";"0";"32";"88";"0";"0"
"MAP\M_00_09.BIN";"007AFE90";"03320";"16";"88";"32";"0";"48";"88";"0";"0"
"MAP\M_00_09.BIN";"007AFEF0";"03323";"640";"32";"0";"0";"640";"32";"0";"416"
"MAP\M_00_09.BIN";"007AFF50";"03306";"184";"32";"0";"0";"184";"32";"0";"0"
"MAP\M_00_09.BIN";"007AFFB0";"03306";"184";"32";"0";"32";"184";"64";"0";"0"
"MAP\M_00_09.BIN";"007B0010";"03306";"184";"32";"0";"64";"184";"96";"0";"0"
"MAP\M_00_09.BIN";"007B0070";"03307";"480";"32";"0";"0";"480";"32";"80";"56"
"MAP\M_00_09.BIN";"007B00D0";"03307";"480";"32";"0";"32";"480";"64";"80";"96"
"MAP\M_00_09.BIN";"007B0130";"03307";"480";"32";"0";"64";"480";"96";"80";"136"
"MAP\M_00_09.BIN";"007B0190";"03307";"480";"32";"0";"96";"480";"128";"80";"176"
"MAP\M_00_09.BIN";"007B01F0";"03307";"480";"32";"0";"128";"480";"160";"80";"216"
"MAP\M_00_09.BIN";"007B0550";"03309";"128";"256";"0";"0";"128";"256";"0";"0"
"MAP\M_00_09.BIN";"007B0790";"03320";"16";"88";"0";"0";"16";"88";"0";"0"
"MAP\M_00_09.BIN";"007B07F0";"03320";"16";"88";"16";"0";"32";"88";"0";"0"
"MAP\M_00_09.BIN";"007B0850";"03320";"16";"88";"32";"0";"48";"88";"0";"0"
"MAP\M_00_09.BIN";"007B0910";"03328";"256";"80";"0";"0";"256";"80";"384";"32"
"MAP\M_00_09.BIN";"007B0970";"03322";"160";"32";"0";"96";"160";"128";"384";"32"
"MAP\M_00_09.BIN";"007B09D0";"03322";"64";"32";"160";"96";"224";"128";"544";"32"
"MAP\M_00_09.BIN";"007B0A30";"03322";"48";"32";"224";"96";"272";"128";"544";"32"
"MAP\M_00_09.BIN";"007B0A90";"03320";"184";"32";"48";"32";"232";"64";"0";"0"
"MAP\M_00_09.BIN";"007B0AF0";"03322";"80";"32";"0";"32";"80";"64";"0";"0"
"MAP\M_00_09.BIN";"007B0B50";"03322";"80";"32";"80";"32";"160";"64";"0";"0"
"MAP\M_00_09.BIN";"007B0BB0";"03322";"112";"32";"160";"32";"272";"64";"0";"0"
"MAP\M_00_09.BIN";"007B0C10";"03322";"136";"32";"272";"32";"408";"64";"0";"0"
"MAP\M_00_09.BIN";"007B0C70";"03322";"56";"32";"408";"32";"464";"64";"0";"0"
"MAP\M_00_09.BIN";"007B0CD0";"03322";"136";"32";"0";"64";"136";"96";"0";"0"
"MAP\M_00_09.BIN";"007B0D30";"03322";"80";"32";"272";"64";"352";"96";"0";"0"
"MAP\M_00_09.BIN";"007B0D90";"03322";"112";"32";"352";"64";"464";"96";"0";"0"
"MAP\M_00_09.BIN";"007B0DF0";"03300";"16";"16";"0";"0";"16";"16";"0";"0"
"MAP\M_00_09.BIN";"007B0E50";"03300";"16";"16";"16";"0";"32";"16";"0";"0"
"MAP\M_00_09.BIN";"007B0EB0";"03300";"16";"16";"32";"0";"48";"16";"0";"0"
"MAP\M_00_09.BIN";"007B0F10";"03300";"16";"16";"0";"16";"16";"32";"0";"0"
"MAP\M_00_09.BIN";"007B0F70";"03300";"16";"16";"16";"16";"32";"32";"0";"0"
"MAP\M_00_09.BIN";"007B0FD0";"03300";"16";"16";"32";"16";"48";"32";"0";"0"
"MAP\M_00_09.BIN";"007B1030";"03300";"16";"16";"0";"32";"16";"48";"0";"0"
"MAP\M_00_09.BIN";"007B1090";"03300";"16";"16";"16";"32";"32";"48";"0";"0"
"MAP\M_00_09.BIN";"007B10F0";"03300";"16";"16";"32";"32";"48";"48";"0";"0"
"MAP\M_00_09.BIN";"007B1150";"03300";"192";"80";"48";"0";"240";"80";"448";"128"
"MAP\M_00_09.BIN";"007B11B0";"03300";"192";"58";"48";"80";"240";"138";"448";"216"
"MAP\M_00_09.BIN";"007B15D0";"03302";"144";"152";"0";"0";"144";"152";"528";"344"
"MAP\M_00_09.BIN";"007B1630";"03302";"112";"152";"144";"0";"256";"152";"528";"344"
"MAP\M_00_09.BIN";"007B1690";"03302";"144";"60";"0";"152";"144";"212";"480";"368"
"MAP\M_00_09.BIN";"007B16F0";"03302";"144";"60";"0";"212";"144";"272";"480";"368"
"MAP\M_00_09.BIN";"007B1750";"03302";"128";"40";"144";"152";"272";"192";"528";"344"
"MAP\M_00_09.BIN";"007B17B0";"03303";"153";"66";"0";"0";"153";"66";"0";"0"
"MAP\M_00_09.BIN";"007B1810";"03303";"99";"45";"0";"66";"99";"111";"0";"0"
"MAP\M_00_09.BIN";"007B1870";"03304";"544";"128";"0";"0";"544";"128";"0";"0"
"MAP\M_00_09.BIN";"007B18D0";"03304";"544";"56";"0";"128";"544";"184";"0";"0"
"MAP\M_00_09.BIN";"007B1930";"03313";"80";"64";"0";"0";"80";"64";"0";"0"
"MAP\M_00_09.BIN";"007B1990";"03305";"256";"32";"0";"0";"256";"32";"0";"0"
"MAP\M_00_09.BIN";"007B19F0";"03305";"256";"32";"0";"32";"256";"64";"0";"0"
"MAP\M_00_09.BIN";"007B1CF0";"03309";"128";"256";"0";"0";"128";"256";"0";"0"
"MAP\M_00_09.BIN";"007B1E70";"03300";"32";"16";"0";"48";"32";"64";"0";"0"
"MAP\M_00_09.BIN";"007B1ED0";"03300";"32";"16";"0";"64";"32";"80";"0";"0"
"MAP\M_00_09.BIN";"007B1F30";"03300";"32";"16";"0";"80";"32";"96";"0";"0"
"MAP\M_00_09.BIN";"007B1F90";"03300";"32";"16";"0";"96";"32";"112";"0";"0"
"MAP\M_00_09.BIN";"007B1FF0";"03320";"16";"88";"0";"0";"16";"88";"0";"0"
"MAP\M_00_09.BIN";"007B2050";"03320";"16";"88";"16";"0";"32";"88";"0";"0"
"MAP\M_00_09.BIN";"007B20B0";"03320";"16";"88";"32";"0";"48";"88";"0";"0"
"MAP\M_00_09.BIN";"007B2110";"03323";"640";"32";"0";"0";"640";"32";"0";"416"
"MAP\M_00_09.BIN";"007B2170";"03328";"256";"80";"0";"0";"256";"80";"384";"32"
"MAP\M_00_09.BIN";"007B21D0";"03322";"160";"32";"0";"96";"160";"128";"384";"32"
"MAP\M_00_09.BIN";"007B2230";"03322";"64";"32";"160";"96";"224";"128";"544";"32"
"MAP\M_00_09.BIN";"007B2290";"03322";"48";"32";"224";"96";"272";"128";"544";"32"
"MAP\M_00_09.BIN";"007B22F0";"03320";"184";"32";"48";"32";"232";"64";"32";"16"
"MAP\M_00_09.BIN";"007B2350";"03322";"80";"32";"272";"64";"352";"96";"80";"16"
"MAP\M_00_09.BIN";"007B23B0";"03320";"16";"16";"0";"184";"16";"200";"0";"0"
"MAP\M_00_09.BIN";"007B2410";"03320";"16";"16";"16";"184";"32";"200";"0";"0"
"MAP\M_00_09.BIN";"007B2470";"03320";"16";"16";"32";"184";"48";"200";"0";"0"
"MAP\M_00_09.BIN";"007B24D0";"03320";"16";"16";"0";"200";"16";"216";"0";"0"
"MAP\M_00_09.BIN";"007B2530";"03320";"16";"16";"16";"200";"32";"216";"0";"0"
"MAP\M_00_09.BIN";"007B2590";"03320";"16";"16";"32";"200";"48";"216";"0";"0"
"MAP\M_00_09.BIN";"007B25F0";"03320";"16";"16";"0";"216";"16";"232";"0";"0"
"MAP\M_00_09.BIN";"007B2650";"03320";"16";"16";"16";"216";"32";"232";"0";"0"
"MAP\M_00_09.BIN";"007B26B0";"03320";"16";"16";"32";"216";"48";"232";"0";"0"
"MAP\M_00_09.BIN";"007B2710";"03327";"136";"60";"0";"0";"136";"60";"184";"264"
"MAP\M_00_09.BIN";"007B2770";"03327";"136";"60";"0";"60";"136";"120";"320";"264"
"MAP\M_00_09.BIN";"007B27D0";"03320";"256";"32";"0";"88";"256";"120";"416";"56"
"MAP\M_00_09.BIN";"007B2830";"03320";"256";"32";"0";"88";"256";"120";"472";"80"
"MAP\M_00_09.BIN";"007B2890";"03320";"16";"88";"0";"0";"16";"88";"0";"0"
"MAP\M_00_09.BIN";"007B28F0";"03320";"16";"88";"16";"0";"32";"88";"0";"0"
"MAP\M_00_09.BIN";"007B2950";"03320";"16";"88";"32";"0";"48";"88";"0";"0"
"MAP\M_00_09.BIN";"007B29B0";"03323";"640";"32";"0";"0";"640";"32";"0";"416"
"MAP\M_00_09.BIN";"007B2A10";"03328";"256";"80";"0";"0";"256";"80";"384";"32"
"MAP\M_00_09.BIN";"007B2A70";"03322";"160";"32";"0";"96";"160";"128";"384";"32"
"MAP\M_00_09.BIN";"007B2AD0";"03322";"64";"32";"160";"96";"224";"128";"544";"32"
"MAP\M_00_09.BIN";"007B2B30";"03322";"48";"32";"224";"96";"272";"128";"544";"32"
"MAP\M_00_09.BIN";"007B2B90";"03320";"184";"32";"48";"32";"232";"64";"0";"0"
"MAP\M_00_09.BIN";"007B2BF0";"03322";"80";"32";"80";"32";"160";"64";"0";"0"
"MAP\M_00_09.BIN";"007B2C50";"03320";"184";"32";"0";"120";"184";"152";"0";"0"
"MAP\M_00_09.BIN";"007B2CB0";"03322";"80";"32";"0";"160";"80";"192";"0";"0"
"MAP\M_00_09.BIN";"007B2D10";"03322";"128";"32";"80";"160";"208";"192";"0";"0"
"MAP\M_00_09.BIN";"007B2D70";"03320";"16";"88";"0";"0";"16";"88";"0";"0"
"MAP\M_00_09.BIN";"007B2DD0";"03320";"16";"88";"16";"0";"32";"88";"0";"0"
"MAP\M_00_09.BIN";"007B2E30";"03320";"16";"88";"32";"0";"48";"88";"0";"0"
"MAP\M_00_09.BIN";"007B2E90";"03323";"640";"32";"0";"32";"640";"64";"0";"416"
"MAP\M_00_09.BIN";"007B2EF0";"03328";"256";"80";"0";"0";"256";"80";"384";"32"
"MAP\M_00_09.BIN";"007B2F50";"03322";"160";"32";"0";"96";"160";"128";"384";"32"
"MAP\M_00_09.BIN";"007B2FB0";"03322";"64";"32";"160";"96";"224";"128";"544";"32"
"MAP\M_00_09.BIN";"007B3010";"03322";"48";"32";"224";"96";"272";"128";"544";"32"
"MAP\M_00_09.BIN";"007B3070";"03320";"184";"32";"0";"120";"184";"152";"0";"0"
"MAP\M_00_09.BIN";"007B30D0";"03322";"128";"32";"80";"160";"208";"192";"0";"0"
"MAP\M_00_09.BIN";"007B3130";"03320";"16";"16";"0";"184";"16";"200";"0";"0"
"MAP\M_00_09.BIN";"007B3190";"03320";"16";"16";"16";"184";"32";"200";"0";"0"
"MAP\M_00_09.BIN";"007B31F0";"03320";"16";"16";"32";"184";"48";"200";"0";"0"
"MAP\M_00_09.BIN";"007B3250";"03320";"16";"16";"0";"200";"16";"216";"0";"0"
"MAP\M_00_09.BIN";"007B32B0";"03320";"16";"16";"16";"200";"32";"216";"0";"0"
"MAP\M_00_09.BIN";"007B3310";"03320";"16";"16";"32";"200";"48";"216";"0";"0"
"MAP\M_00_09.BIN";"007B3370";"03320";"16";"16";"0";"216";"16";"232";"0";"0"
"MAP\M_00_09.BIN";"007B33D0";"03320";"16";"16";"16";"216";"32";"232";"0";"0"
"MAP\M_00_09.BIN";"007B3430";"03320";"16";"16";"32";"216";"48";"232";"0";"0"
"MAP\M_00_09.BIN";"007B3610";"03320";"16";"88";"0";"0";"16";"88";"0";"0"
"MAP\M_00_09.BIN";"007B3670";"03320";"16";"88";"16";"0";"32";"88";"0";"0"
"MAP\M_00_09.BIN";"007B36D0";"03320";"16";"88";"32";"0";"48";"88";"0";"0"
"MAP\M_00_09.BIN";"007B3730";"03323";"640";"32";"0";"0";"640";"32";"0";"416"
"MAP\M_00_09.BIN";"007B3790";"03328";"256";"80";"0";"0";"256";"80";"384";"32"
"MAP\M_00_09.BIN";"007B37F0";"03322";"160";"32";"0";"96";"160";"128";"384";"32"
"MAP\M_00_09.BIN";"007B3850";"03322";"64";"32";"160";"96";"224";"128";"544";"32"
"MAP\M_00_09.BIN";"007B38B0";"03322";"48";"32";"224";"96";"272";"128";"544";"32"
"MAP\M_00_09.BIN";"007B3910";"03320";"184";"32";"48";"32";"232";"64";"0";"0"
"MAP\M_00_09.BIN";"007B3970";"03322";"80";"32";"0";"32";"80";"64";"0";"0"
"MAP\M_00_09.BIN";"007B39D0";"03320";"184";"32";"0";"120";"184";"152";"0";"0"
"MAP\M_00_09.BIN";"007B3A30";"03322";"80";"32";"272";"96";"352";"128";"0";"0"
"MAP\M_00_09.BIN";"007B3A90";"03322";"128";"32";"352";"96";"480";"128";"0";"0"
"MAP\M_00_09.BIN";"007B3AF0";"03320";"16";"88";"0";"0";"16";"88";"0";"0"
"MAP\M_00_09.BIN";"007B3B50";"03320";"16";"88";"16";"0";"32";"88";"0";"0"
"MAP\M_00_09.BIN";"007B3BB0";"03320";"16";"88";"32";"0";"48";"88";"0";"0"
"MAP\M_00_09.BIN";"007B3C10";"03323";"640";"32";"0";"0";"640";"32";"0";"416"
"MAP\M_00_09.BIN";"007B3C70";"03328";"256";"80";"0";"0";"256";"80";"384";"32"
"MAP\M_00_09.BIN";"007B3CD0";"03322";"160";"32";"0";"96";"160";"128";"384";"32"
"MAP\M_00_09.BIN";"007B3D30";"03322";"64";"32";"160";"96";"224";"128";"544";"32"
"MAP\M_00_09.BIN";"007B3D90";"03322";"48";"32";"224";"96";"272";"128";"544";"32"
"MAP\M_00_09.BIN";"007B3DF0";"03320";"184";"32";"0";"120";"184";"152";"0";"0"
"MAP\M_00_09.BIN";"007B3E50";"03322";"80";"32";"272";"96";"352";"128";"0";"0"
"MAP\M_00_09.BIN";"007B3EB0";"03320";"184";"32";"0";"152";"184";"184";"0";"0"
"MAP\M_00_09.BIN";"007B3F10";"03322";"56";"32";"0";"128";"56";"160";"0";"0"
"MAP\M_00_09.BIN";"007B3F70";"03322";"56";"32";"56";"128";"112";"160";"0";"0"
"MAP\M_00_09.BIN";"007B3FD0";"03322";"56";"32";"112";"128";"168";"160";"0";"0"
"MAP\M_00_09.BIN";"007B4030";"03322";"124";"32";"168";"128";"292";"160";"0";"0"
"MAP\M_00_09.BIN";"007B4090";"03323";"640";"32";"0";"64";"640";"96";"0";"416"
"MAP\M_00_09.BIN";"007B43F0";"03320";"16";"88";"0";"0";"16";"88";"0";"0"
"MAP\M_00_09.BIN";"007B4450";"03320";"16";"88";"16";"0";"32";"88";"0";"0"
"MAP\M_00_09.BIN";"007B44B0";"03320";"16";"88";"32";"0";"48";"88";"0";"0"
"MAP\M_00_09.BIN";"007B4510";"03323";"640";"32";"0";"0";"640";"32";"0";"416"
"MAP\M_00_09.BIN";"007B4570";"03328";"256";"80";"0";"0";"256";"80";"384";"32"
"MAP\M_00_09.BIN";"007B45D0";"03322";"160";"32";"0";"96";"160";"128";"384";"32"
"MAP\M_00_09.BIN";"007B4630";"03322";"64";"32";"160";"96";"224";"128";"544";"32"
"MAP\M_00_09.BIN";"007B4690";"03322";"48";"32";"224";"96";"272";"128";"544";"32"
"MAP\M_00_09.BIN";"007B46F0";"03320";"184";"32";"0";"120";"184";"152";"0";"0"
"MAP\M_00_09.BIN";"007B4750";"03322";"128";"32";"352";"96";"480";"128";"0";"0"
"MAP\M_00_09.BIN";"007B47B0";"03320";"184";"32";"0";"152";"184";"184";"0";"0"
"MAP\M_00_09.BIN";"007B4810";"03322";"56";"32";"292";"128";"348";"160";"0";"0"
"MAP\M_00_09.BIN";"007B4870";"03322";"80";"32";"348";"128";"428";"160";"0";"0"
"MAP\M_00_09.BIN";"007B48D0";"03322";"80";"32";"428";"128";"508";"160";"0";"0"
"MAP\M_00_09.BIN";"007B4930";"03320";"16";"16";"0";"184";"16";"200";"0";"0"
"MAP\M_00_09.BIN";"007B4990";"03320";"16";"16";"16";"184";"32";"200";"0";"0"
"MAP\M_00_09.BIN";"007B49F0";"03320";"16";"16";"32";"184";"48";"200";"0";"0"
"MAP\M_00_09.BIN";"007B4A50";"03320";"16";"16";"0";"200";"16";"216";"0";"0"
"MAP\M_00_09.BIN";"007B4AB0";"03320";"16";"16";"16";"200";"32";"216";"0";"0"
"MAP\M_00_09.BIN";"007B4B10";"03320";"16";"16";"32";"200";"48";"216";"0";"0"
"MAP\M_00_09.BIN";"007B4B70";"03320";"16";"16";"0";"216";"16";"232";"0";"0"
"MAP\M_00_09.BIN";"007B4BD0";"03320";"16";"16";"16";"216";"32";"232";"0";"0"
"MAP\M_00_09.BIN";"007B4C30";"03320";"16";"16";"32";"216";"48";"232";"0";"0"
"MAP\M_00_09.BIN";"007B4D50";"03320";"16";"88";"0";"0";"16";"88";"0";"0"
"MAP\M_00_09.BIN";"007B4DB0";"03320";"16";"88";"16";"0";"32";"88";"0";"0"
"MAP\M_00_09.BIN";"007B4E10";"03320";"16";"88";"32";"0";"48";"88";"0";"0"
"MAP\M_00_09.BIN";"007B4E70";"03323";"640";"32";"0";"0";"640";"32";"0";"416"
"MAP\M_00_09.BIN";"007B4ED0";"03320";"184";"32";"48";"32";"232";"64";"16";"16"
"MAP\M_00_09.BIN";"007B4F30";"03322";"136";"32";"272";"32";"408";"64";"64";"16"
"MAP\M_00_09.BIN";"007B4F90";"03324";"184";"32";"0";"0";"184";"32";"108";"72"
"MAP\M_00_09.BIN";"007B4FF0";"03324";"184";"32";"0";"32";"184";"64";"108";"108"
"MAP\M_00_09.BIN";"007B5050";"03324";"184";"32";"0";"64";"184";"96";"108";"144"
"MAP\M_00_09.BIN";"007B50B0";"03324";"184";"32";"0";"96";"184";"128";"108";"180"
"MAP\M_00_09.BIN";"007B5110";"03324";"184";"32";"0";"128";"184";"160";"108";"216"
"MAP\M_00_09.BIN";"007B5170";"03324";"184";"32";"0";"160";"184";"192";"108";"252"
"MAP\M_00_09.BIN";"007B51D0";"03324";"184";"32";"0";"192";"184";"224";"108";"288"
"MAP\M_00_09.BIN";"007B5290";"03329";"420";"16";"0";"0";"420";"16";"204";"76"
"MAP\M_00_09.BIN";"007B52F0";"03329";"420";"16";"0";"16";"420";"32";"204";"76"
"MAP\M_00_09.BIN";"007B5350";"03329";"420";"16";"0";"32";"420";"48";"204";"76"
"MAP\M_00_09.BIN";"007B53B0";"03329";"420";"16";"0";"48";"420";"64";"204";"76"
"MAP\M_00_09.BIN";"007B5410";"03329";"420";"16";"0";"64";"420";"80";"204";"76"
"MAP\M_00_09.BIN";"007B5470";"03329";"84";"40";"420";"0";"504";"40";"0";"0"
"MAP\M_00_09.BIN";"007B54D0";"03329";"84";"32";"420";"40";"504";"72";"0";"0"
"MAP\M_00_09.BIN";"007B5530";"03345";"80";"56";"0";"0";"80";"56";"0";"0"
"MAP\M_00_09.BIN";"007B5590";"03345";"56";"56";"144";"0";"200";"56";"216";"216"
"MAP\M_00_09.BIN";"007B55F0";"03330";"184";"32";"0";"0";"184";"32";"0";"0"
"MAP\M_00_09.BIN";"007B5650";"03330";"184";"32";"0";"32";"184";"64";"0";"0"
"MAP\M_00_09.BIN";"007B56B0";"03330";"184";"32";"0";"64";"184";"96";"0";"0"
"MAP\M_00_09.BIN";"007B5710";"03330";"184";"32";"0";"96";"184";"128";"0";"0"
"MAP\M_00_09.BIN";"007B5770";"03330";"184";"32";"0";"128";"184";"160";"0";"0"
"MAP\M_00_09.BIN";"007B57D0";"03330";"184";"32";"0";"160";"184";"192";"0";"0"
"MAP\M_00_09.BIN";"007B5830";"03330";"184";"32";"0";"192";"184";"224";"0";"0"
"MAP\M_00_09.BIN";"007B5890";"03331";"96";"32";"0";"0";"96";"32";"0";"0"
"MAP\M_00_09.BIN";"007B58F0";"03331";"96";"32";"0";"32";"96";"64";"0";"0"
"MAP\M_00_09.BIN";"007B5950";"03331";"96";"32";"0";"64";"96";"96";"0";"0"
"MAP\M_00_09.BIN";"007B59B0";"03331";"96";"32";"0";"96";"96";"128";"0";"0"
"MAP\M_00_09.BIN";"007B5A10";"03331";"96";"32";"0";"128";"96";"160";"0";"0"
"MAP\M_00_09.BIN";"007B5A70";"03331";"96";"32";"96";"0";"192";"32";"0";"0"
"MAP\M_00_09.BIN";"007B5AD0";"03331";"96";"32";"96";"32";"192";"64";"0";"0"
"MAP\M_00_09.BIN";"007B5B30";"03331";"96";"32";"96";"64";"192";"96";"0";"0"
"MAP\M_00_09.BIN";"007B5B90";"03331";"96";"32";"96";"96";"192";"128";"0";"0"
"MAP\M_00_09.BIN";"007B5BF0";"03331";"96";"32";"96";"128";"192";"160";"0";"0"
"MAP\M_00_09.BIN";"007B5C50";"03332";"84";"34";"0";"0";"84";"34";"0";"0"
"MAP\M_00_09.BIN";"007B5CB0";"03332";"84";"34";"84";"0";"168";"34";"0";"0"
"MAP\M_00_09.BIN";"007B5D10";"03332";"84";"34";"168";"0";"252";"34";"0";"0"
"MAP\M_00_09.BIN";"007B5D70";"03332";"84";"34";"252";"0";"336";"34";"0";"0"
"MAP\M_00_09.BIN";"007B5DD0";"03332";"84";"34";"336";"0";"420";"34";"0";"0"
"MAP\M_00_09.BIN";"007B5E30";"03332";"84";"34";"420";"0";"504";"34";"0";"0"
"MAP\M_00_09.BIN";"007B5E90";"03332";"84";"34";"0";"34";"84";"68";"0";"0"
"MAP\M_00_09.BIN";"007B5EF0";"03332";"84";"34";"84";"34";"168";"68";"0";"0"
"MAP\M_00_09.BIN";"007B5F50";"03332";"84";"34";"168";"34";"252";"68";"0";"0"
"MAP\M_00_09.BIN";"007B5FB0";"03332";"84";"34";"252";"34";"336";"68";"0";"0"
"MAP\M_00_09.BIN";"007B6010";"03332";"84";"34";"336";"34";"420";"68";"0";"0"
"MAP\M_00_09.BIN";"007B6070";"03332";"84";"34";"420";"34";"504";"68";"0";"0"
"MAP\M_00_09.BIN";"007B60D0";"03332";"84";"34";"0";"68";"84";"102";"0";"0"
"MAP\M_00_09.BIN";"007B6130";"03332";"84";"34";"84";"68";"168";"102";"0";"0"
"MAP\M_00_09.BIN";"007B6190";"03332";"84";"34";"168";"68";"252";"102";"0";"0"
"MAP\M_00_09.BIN";"007B61F0";"03332";"84";"34";"252";"68";"336";"102";"0";"0"
"MAP\M_00_09.BIN";"007B6250";"03332";"84";"34";"336";"68";"420";"102";"0";"0"
"MAP\M_00_09.BIN";"007B62B0";"03332";"84";"34";"420";"68";"504";"102";"0";"0"
"MAP\M_00_09.BIN";"007B6310";"03332";"84";"34";"0";"102";"84";"136";"0";"0"
"MAP\M_00_09.BIN";"007B6370";"03332";"84";"34";"84";"102";"168";"136";"0";"0"
"MAP\M_00_09.BIN";"007B63D0";"03332";"84";"34";"168";"102";"252";"136";"0";"0"
"MAP\M_00_09.BIN";"007B6BB0";"03320";"16";"88";"0";"0";"16";"88";"0";"0"
"MAP\M_00_09.BIN";"007B6C10";"03320";"16";"88";"16";"0";"32";"88";"0";"0"
"MAP\M_00_09.BIN";"007B6C70";"03320";"16";"88";"32";"0";"48";"88";"0";"0"
"MAP\M_00_09.BIN";"007B6CD0";"03323";"640";"32";"0";"0";"640";"32";"0";"416"
"MAP\M_00_09.BIN";"007B6D30";"03328";"256";"80";"0";"0";"256";"80";"384";"32"
"MAP\M_00_09.BIN";"007B6D90";"03322";"160";"32";"0";"96";"160";"128";"384";"32"
"MAP\M_00_09.BIN";"007B6DF0";"03322";"64";"32";"160";"96";"224";"128";"544";"32"
"MAP\M_00_09.BIN";"007B6E50";"03322";"48";"32";"224";"96";"272";"128";"544";"32"
"MAP\M_00_09.BIN";"007B6EB0";"03320";"184";"32";"48";"32";"232";"64";"32";"16"
"MAP\M_00_09.BIN";"007B6F10";"03322";"56";"32";"208";"160";"264";"192";"80";"16"
"MAP\M_00_09.BIN";"007B6F70";"03320";"16";"16";"0";"184";"16";"200";"0";"0"
"MAP\M_00_09.BIN";"007B6FD0";"03320";"16";"16";"16";"184";"32";"200";"0";"0"
"MAP\M_00_09.BIN";"007B7030";"03320";"16";"16";"32";"184";"48";"200";"0";"0"
"MAP\M_00_09.BIN";"007B7090";"03320";"16";"16";"0";"200";"16";"216";"0";"0"
"MAP\M_00_09.BIN";"007B70F0";"03320";"16";"16";"16";"200";"32";"216";"0";"0"
"MAP\M_00_09.BIN";"007B7150";"03320";"16";"16";"32";"200";"48";"216";"0";"0"
"MAP\M_00_09.BIN";"007B71B0";"03320";"16";"16";"0";"216";"16";"232";"0";"0"
"MAP\M_00_09.BIN";"007B7210";"03320";"16";"16";"16";"216";"32";"232";"0";"0"
"MAP\M_00_09.BIN";"007B7270";"03320";"16";"16";"32";"216";"48";"232";"0";"0"
"MAP\M_00_09.BIN";"007B72D0";"03327";"136";"60";"0";"0";"136";"60";"184";"264"
"MAP\M_00_09.BIN";"007B7330";"03327";"136";"60";"0";"60";"136";"120";"320";"264"
"MAP\M_00_09.BIN";"007B7390";"03320";"256";"32";"0";"88";"256";"120";"416";"56"
"MAP\M_00_09.BIN";"007B73F0";"03320";"256";"32";"0";"88";"256";"120";"472";"80"
"MAP\M_00_09.BIN";"007B7450";"03320";"16";"88";"0";"0";"16";"88";"0";"0"
"MAP\M_00_09.BIN";"007B74B0";"03320";"16";"88";"16";"0";"32";"88";"0";"0"
"MAP\M_00_09.BIN";"007B7510";"03320";"16";"88";"32";"0";"48";"88";"0";"0"
"MAP\M_00_09.BIN";"007B7570";"03323";"640";"32";"0";"96";"640";"128";"0";"416"
"MAP\M_00_09.BIN";"007B75D0";"03320";"184";"32";"48";"32";"232";"64";"32";"16"
"MAP\M_00_09.BIN";"007B7630";"03322";"136";"32";"0";"64";"136";"96";"80";"16"
"MAP\M_00_09.BIN";"007B7690";"03325";"480";"32";"0";"0";"480";"32";"0";"0"
"MAP\M_00_09.BIN";"007B76F0";"03325";"480";"32";"0";"32";"480";"64";"0";"0"
"MAP\M_00_09.BIN";"007B7750";"03325";"480";"32";"0";"64";"480";"96";"0";"0"
"MAP\M_00_09.BIN";"007B77B0";"03325";"480";"32";"0";"96";"480";"128";"0";"0"
"MAP\M_00_09.BIN";"007B7810";"03325";"480";"32";"0";"128";"480";"160";"0";"0"
"MAP\M_00_09.BIN";"007B7870";"03325";"480";"32";"0";"160";"480";"192";"0";"0"
"MAP\M_00_09.BIN";"007B78D0";"03325";"480";"32";"0";"192";"480";"224";"0";"0"
"MAP\M_00_09.BIN";"007B7930";"03325";"480";"32";"0";"224";"480";"256";"0";"0"
"MAP\M_00_09.BIN";"007B7990";"03325";"480";"32";"0";"256";"480";"288";"0";"0"
"MAP\M_00_09.BIN";"007B79F0";"03325";"480";"32";"0";"288";"480";"320";"0";"0"
"MAP\M_00_09.BIN";"007B7A50";"03325";"480";"32";"0";"320";"480";"352";"0";"0"
"MAP\M_00_09.BIN";"007B7AB0";"03325";"480";"32";"0";"352";"480";"384";"0";"0"
"MAP\M_00_09.BIN";"007B7B10";"03325";"480";"32";"0";"384";"480";"416";"0";"0"
"MAP\M_00_09.BIN";"007B7B70";"03325";"480";"32";"0";"416";"480";"448";"0";"0"
"MAP\M_00_09.BIN";"007B7BD0";"03325";"480";"32";"0";"448";"480";"480";"0";"0"
"MAP\M_00_09.BIN";"007B7CF0";"03326";"32";"32";"0";"0";"32";"32";"320";"68"
"MAP\M_00_09.BIN";"007B7D50";"03326";"32";"32";"0";"32";"32";"64";"320";"300"
"MAP\M_00_09.BIN";"007B7DB0";"03320";"16";"88";"0";"0";"16";"88";"0";"0"
"MAP\M_00_09.BIN";"007B7E10";"03320";"16";"88";"16";"0";"32";"88";"0";"0"
"MAP\M_00_09.BIN";"007B7E70";"03320";"16";"88";"32";"0";"48";"88";"0";"0"
"MAP\M_00_09.BIN";"007B7ED0";"03323";"640";"32";"0";"0";"640";"32";"0";"416"
"MAP\M_00_09.BIN";"007B7F30";"03328";"256";"80";"0";"0";"256";"80";"384";"32"
"MAP\M_00_09.BIN";"007B7F90";"03322";"160";"32";"0";"96";"160";"128";"384";"32"
"MAP\M_00_09.BIN";"007B7FF0";"03322";"64";"32";"160";"96";"224";"128";"544";"32"
"MAP\M_00_09.BIN";"007B8050";"03322";"48";"32";"224";"96";"272";"128";"544";"32"
"MAP\M_00_09.BIN";"007B80B0";"03320";"184";"32";"48";"32";"232";"64";"32";"16"
"MAP\M_00_09.BIN";"007B8110";"03322";"56";"32";"408";"32";"464";"64";"80";"16"
"MAP\M_00_09.BIN";"007B8170";"03320";"16";"16";"0";"184";"16";"200";"0";"0"
"MAP\M_00_09.BIN";"007B81D0";"03320";"16";"16";"16";"184";"32";"200";"0";"0"
"MAP\M_00_09.BIN";"007B8230";"03320";"16";"16";"32";"184";"48";"200";"0";"0"
"MAP\M_00_09.BIN";"007B8290";"03320";"16";"16";"0";"200";"16";"216";"0";"0"
"MAP\M_00_09.BIN";"007B82F0";"03320";"16";"16";"16";"200";"32";"216";"0";"0"
"MAP\M_00_09.BIN";"007B8350";"03320";"16";"16";"32";"200";"48";"216";"0";"0"
"MAP\M_00_09.BIN";"007B83B0";"03320";"16";"16";"0";"216";"16";"232";"0";"0"
"MAP\M_00_09.BIN";"007B8410";"03320";"16";"16";"16";"216";"32";"232";"0";"0"
"MAP\M_00_09.BIN";"007B8470";"03320";"16";"16";"32";"216";"48";"232";"0";"0"
"MAP\M_00_09.BIN";"007B84D0";"03327";"136";"60";"0";"0";"136";"60";"184";"264"
"MAP\M_00_09.BIN";"007B8530";"03327";"136";"60";"0";"60";"136";"120";"320";"264"
"MAP\M_00_09.BIN";"007B8590";"03320";"16";"88";"0";"0";"16";"88";"0";"0"
"MAP\M_00_09.BIN";"007B85F0";"03320";"16";"88";"16";"0";"32";"88";"0";"0"
"MAP\M_00_09.BIN";"007B8650";"03320";"16";"88";"32";"0";"48";"88";"0";"0"
"MAP\M_00_09.BIN";"007B86B0";"03323";"640";"32";"0";"0";"640";"32";"0";"416"
"MAP\M_00_09.BIN";"007B8710";"03328";"256";"80";"0";"0";"256";"80";"384";"32"
"MAP\M_00_09.BIN";"007B8770";"03322";"160";"32";"0";"96";"160";"128";"384";"32"
"MAP\M_00_09.BIN";"007B87D0";"03322";"64";"32";"160";"96";"224";"128";"544";"32"
"MAP\M_00_09.BIN";"007B8830";"03322";"48";"32";"224";"96";"272";"128";"544";"32"
"MAP\M_00_09.BIN";"007B8890";"03320";"184";"32";"48";"32";"232";"64";"0";"0"
"MAP\M_00_09.BIN";"007B88F0";"03322";"112";"32";"160";"32";"272";"64";"0";"0"
"MAP\M_00_09.BIN";"007B8950";"03320";"184";"32";"48";"184";"232";"216";"0";"0"
"MAP\M_00_09.BIN";"007B89B0";"03322";"96";"32";"0";"192";"96";"224";"170";"80"
"MAP\M_00_09.BIN";"007B8A10";"03322";"80";"32";"96";"192";"176";"224";"170";"128"
"MAP\M_00_09.BIN";"007B8A70";"03322";"80";"32";"176";"192";"256";"224";"170";"176"
"MAP\M_00_09.BIN";"007B8AD0";"03322";"80";"32";"256";"192";"336";"224";"170";"224"
"MAP\M_00_09.BIN";"007B8B30";"03322";"64";"32";"336";"192";"400";"224";"370";"80"
"MAP\M_00_09.BIN";"007B8B90";"03322";"64";"32";"400";"192";"464";"224";"370";"128"
"MAP\M_00_09.BIN";"007B8BF0";"03322";"48";"32";"464";"192";"512";"224";"370";"176"
"MAP\M_00_09.BIN";"007B8C50";"03322";"48";"32";"464";"32";"512";"64";"370";"224"
"MAP\M_00_09.BIN";"007B8CB0";"03320";"184";"32";"48";"216";"232";"248";"0";"0"
"MAP\M_00_09.BIN";"007B8D10";"03320";"16";"88";"0";"0";"16";"88";"0";"0"
"MAP\M_00_09.BIN";"007B8D70";"03320";"16";"88";"16";"0";"32";"88";"0";"0"
"MAP\M_00_09.BIN";"007B8DD0";"03320";"16";"88";"32";"0";"48";"88";"0";"0"
"MAP\M_00_09.BIN";"007B8E30";"03323";"640";"32";"0";"0";"640";"32";"0";"416"
"MAP\M_00_09.BIN";"007B8E90";"03328";"256";"80";"0";"0";"256";"80";"384";"32"
"MAP\M_00_09.BIN";"007B8EF0";"03322";"160";"32";"0";"96";"160";"128";"384";"32"
"MAP\M_00_09.BIN";"007B8F50";"03322";"64";"32";"160";"96";"224";"128";"544";"32"
"MAP\M_00_09.BIN";"007B8FB0";"03322";"48";"32";"224";"96";"272";"128";"544";"32"
"MAP\M_00_09.BIN";"007B9010";"03320";"184";"32";"48";"32";"232";"64";"32";"16"
"MAP\M_00_09.BIN";"007B9070";"03322";"112";"32";"352";"64";"464";"96";"80";"16"
"MAP\M_00_09.BIN";"007B90D0";"03320";"16";"16";"0";"184";"16";"200";"0";"0"
"MAP\M_00_09.BIN";"007B9130";"03320";"16";"16";"16";"184";"32";"200";"0";"0"
"MAP\M_00_09.BIN";"007B9190";"03320";"16";"16";"32";"184";"48";"200";"0";"0"
"MAP\M_00_09.BIN";"007B91F0";"03320";"16";"16";"0";"200";"16";"216";"0";"0"
"MAP\M_00_09.BIN";"007B9250";"03320";"16";"16";"16";"200";"32";"216";"0";"0"
"MAP\M_00_09.BIN";"007B92B0";"03320";"16";"16";"32";"200";"48";"216";"0";"0"
"MAP\M_00_09.BIN";"007B9310";"03320";"16";"16";"0";"216";"16";"232";"0";"0"
"MAP\M_00_09.BIN";"007B9370";"03320";"16";"16";"16";"216";"32";"232";"0";"0"
"MAP\M_00_09.BIN";"007B93D0";"03320";"16";"16";"32";"216";"48";"232";"0";"0"
"MAP\M_00_09.BIN";"007B9430";"03327";"136";"60";"0";"0";"136";"60";"184";"264"
"MAP\M_00_09.BIN";"007B9490";"03327";"136";"60";"0";"60";"136";"120";"320";"264"
"MAP\M_00_09.BIN";"007B94F0";"03320";"256";"32";"0";"88";"256";"120";"416";"56"
"MAP\M_00_09.BIN";"007B9550";"03320";"256";"32";"0";"88";"256";"120";"472";"80"
"MAP\M_00_09.BIN";"007B95B0";"03320";"16";"88";"0";"0";"16";"88";"16";"328"
"MAP\M_00_09.BIN";"007B9610";"03320";"16";"88";"16";"0";"32";"88";"32";"328"
"MAP\M_00_09.BIN";"007B9670";"03320";"16";"88";"32";"0";"48";"88";"608";"328"
"MAP\M_00_09.BIN";"007B96D0";"03323";"640";"32";"0";"0";"640";"32";"0";"416"
"MAP\M_00_09.BIN";"007B9790";"03371";"184";"32";"0";"0";"184";"32";"124";"32"
"MAP\M_00_09.BIN";"007B97F0";"03371";"184";"32";"184";"0";"368";"32";"124";"72"
"MAP\M_00_09.BIN";"007B9850";"03371";"184";"32";"184";"32";"368";"64";"124";"108"
"MAP\M_00_09.BIN";"007B98B0";"03371";"184";"32";"184";"64";"368";"96";"124";"144"
"MAP\M_00_09.BIN";"007B9910";"03371";"184";"32";"0";"32";"184";"64";"124";"72"
"MAP\M_00_09.BIN";"007B9970";"03371";"184";"32";"0";"64";"184";"96";"124";"108"
"MAP\M_00_09.BIN";"007B99D0";"03371";"184";"32";"0";"96";"184";"128";"124";"144"
"MAP\M_00_09.BIN";"007B9A30";"03320";"16";"16";"0";"184";"16";"200";"0";"0"
"MAP\M_00_09.BIN";"007B9A90";"03320";"16";"16";"16";"184";"32";"200";"0";"0"
"MAP\M_00_09.BIN";"007B9AF0";"03320";"16";"16";"32";"184";"48";"200";"0";"0"
"MAP\M_00_09.BIN";"007B9B50";"03320";"16";"16";"0";"200";"16";"216";"0";"0"
"MAP\M_00_09.BIN";"007B9BB0";"03320";"16";"16";"16";"200";"32";"216";"0";"0"
"MAP\M_00_09.BIN";"007B9C10";"03320";"16";"16";"32";"200";"48";"216";"0";"0"
"MAP\M_00_09.BIN";"007B9C70";"03320";"16";"16";"0";"216";"16";"232";"0";"0"
"MAP\M_00_09.BIN";"007B9CD0";"03320";"16";"16";"16";"216";"32";"232";"0";"0"
"MAP\M_00_09.BIN";"007B9D30";"03320";"16";"16";"32";"216";"48";"232";"0";"0"
"MAP\M_00_09.BIN";"007B9D90";"03371";"184";"32";"184";"96";"368";"128";"124";"32"
"MAP\M_00_09.BIN";"007B9DF0";"03359";"256";"32";"0";"0";"256";"32";"384";"32"
"MAP\M_00_09.BIN";"007B9E50";"03359";"256";"32";"0";"32";"256";"64";"384";"32"
"MAP\M_00_09.BIN";"007B9EB0";"03353";"256";"256";"0";"0";"256";"256";"176";"192"
"MAP\M_00_09.BIN";"007B9F10";"03354";"256";"256";"0";"0";"256";"256";"464";"192"
"MAP\M_00_09.BIN";"007B9F70";"03371";"184";"32";"0";"128";"184";"160";"124";"32"
"MAP\M_00_09.BIN";"007B9FD0";"03328";"256";"80";"0";"0";"256";"80";"384";"32"
"MAP\M_00_09.BIN";"007BA030";"03322";"160";"32";"0";"96";"160";"128";"384";"32"
"MAP\M_00_09.BIN";"007BA090";"03322";"64";"32";"160";"96";"224";"128";"544";"32"
"MAP\M_00_09.BIN";"007BA0F0";"03322";"48";"32";"224";"96";"272";"128";"544";"32"
"MAP\M_00_09.BIN";"007BA150";"03327";"136";"60";"0";"0";"136";"60";"184";"264"
"MAP\M_00_09.BIN";"007BA1B0";"03327";"136";"60";"0";"60";"136";"120";"320";"264"
"MAP\M_00_09.BIN";"007BA210";"03326";"32";"32";"32";"0";"64";"32";"576";"210"
"MAP\M_00_09.BIN";"007BA270";"03326";"32";"32";"32";"32";"64";"64";"64";"210"
"MAP\M_00_09.BIN";"007BA2D0";"03372";"384";"160";"0";"0";"384";"160";"128";"130"
"MAP\M_00_09.BIN";"007BA330";"03373";"40";"48";"0";"0";"40";"48";"0";"0"
"MAP\M_00_09.BIN";"007BA390";"03373";"40";"48";"40";"0";"80";"48";"0";"0"
"MAP\M_00_09.BIN";"007BA3F0";"03373";"40";"48";"80";"0";"120";"48";"0";"0"
"MAP\M_00_09.BIN";"007BA450";"03373";"40";"48";"120";"0";"160";"48";"0";"0"
"MAP\M_00_09.BIN";"007BA4B0";"03373";"40";"48";"160";"0";"200";"48";"0";"0"
"MAP\M_00_09.BIN";"007BA510";"03373";"40";"48";"200";"0";"240";"48";"0";"0"
"MAP\M_00_09.BIN";"007BA570";"03373";"40";"48";"0";"48";"40";"96";"0";"0"
"MAP\M_00_09.BIN";"007BA5D0";"03373";"40";"48";"40";"48";"80";"96";"0";"0"
"MAP\M_00_09.BIN";"007BA630";"03373";"40";"48";"80";"48";"120";"96";"0";"0"
"MAP\M_00_09.BIN";"007BA690";"03373";"40";"48";"120";"48";"160";"96";"0";"0"
"MAP\M_00_09.BIN";"007BA6F0";"03373";"24";"32";"0";"96";"24";"128";"0";"0"
"MAP\M_00_09.BIN";"007BA750";"03373";"24";"32";"24";"96";"48";"128";"0";"0"
"MAP\M_00_09.BIN";"007BA7B0";"03373";"24";"32";"48";"96";"72";"128";"0";"0"
"MAP\M_00_09.BIN";"007BA810";"03373";"24";"32";"72";"96";"96";"128";"0";"0"
"MAP\M_00_09.BIN";"007BA870";"03373";"24";"32";"96";"96";"120";"128";"0";"0"
"MAP\M_00_09.BIN";"007BA8D0";"03373";"24";"32";"120";"96";"144";"128";"0";"0"
"MAP\M_00_09.BIN";"007BA930";"03373";"24";"32";"144";"96";"168";"128";"0";"0"
"MAP\M_00_09.BIN";"007BA990";"03373";"24";"32";"168";"96";"192";"128";"0";"0"
"MAP\M_00_09.BIN";"007BA9F0";"03373";"24";"32";"192";"96";"216";"128";"0";"0"
"MAP\M_00_09.BIN";"007BAA50";"03373";"24";"32";"216";"96";"240";"128";"0";"0"
"MAP\M_00_09.BIN";"007BAAB0";"03374";"24";"32";"0";"0";"24";"32";"0";"0"
"MAP\M_00_09.BIN";"007BAB10";"03374";"24";"32";"24";"0";"48";"32";"0";"0"
"MAP\M_00_09.BIN";"007BAB70";"03374";"24";"32";"48";"0";"72";"32";"0";"0"
"MAP\M_00_09.BIN";"007BABD0";"03374";"24";"32";"72";"0";"96";"32";"0";"0"
"MAP\M_00_09.BIN";"007BAC30";"03374";"24";"32";"96";"0";"120";"32";"0";"0"
"MAP\M_00_09.BIN";"007BAC90";"03374";"24";"32";"120";"0";"144";"32";"0";"0"
"MAP\M_00_09.BIN";"007BACF0";"03374";"24";"32";"144";"0";"168";"32";"0";"0"
"MAP\M_00_09.BIN";"007BAD50";"03374";"24";"32";"168";"0";"192";"32";"0";"0"
"MAP\M_00_09.BIN";"007BADB0";"03374";"24";"32";"192";"0";"216";"32";"0";"0"
"MAP\M_00_09.BIN";"007BAE10";"03374";"24";"32";"216";"0";"240";"32";"0";"0"
"MAP\M_00_09.BIN";"007BAE70";"03371";"184";"32";"184";"128";"368";"160";"124";"32"
"MAP\M_00_09.BIN";"007BAED0";"03375";"256";"256";"0";"0";"256";"256";"320";"224"
"MAP\M_00_09.BIN";"007BAF30";"03376";"256";"256";"0";"0";"256";"256";"320";"224"
"MAP\M_00_09.BIN";"007BAF90";"03371";"184";"32";"184";"0";"368";"32";"124";"32"
"MAP\M_00_09.BIN";"007BAFF0";"03371";"184";"32";"0";"32";"184";"64";"124";"32"
"MAP\M_00_09.BIN";"007BB050";"03371";"184";"32";"0";"64";"184";"96";"124";"32"
"MAP\M_00_09.BIN";"007BB0B0";"03371";"184";"32";"0";"96";"184";"128";"124";"32"
"MAP\M_00_09.BIN";"007BB110";"03517";"16";"16";"0";"0";"16";"16";"0";"0"
"MAP\M_00_09.BIN";"007BB170";"03517";"16";"16";"16";"0";"32";"16";"0";"0"
"MAP\M_00_09.BIN";"007BB1D0";"03517";"16";"16";"32";"0";"48";"16";"0";"0"
"MAP\M_00_09.BIN";"007BB230";"03517";"16";"16";"0";"16";"16";"32";"0";"0"
"MAP\M_00_09.BIN";"007BB290";"03517";"16";"16";"16";"16";"32";"32";"0";"0"
"MAP\M_00_09.BIN";"007BB2F0";"03517";"16";"16";"32";"16";"48";"32";"0";"0"
"MAP\M_00_09.BIN";"007BB350";"03517";"16";"16";"0";"32";"16";"48";"0";"0"
"MAP\M_00_09.BIN";"007BB3B0";"03517";"16";"16";"16";"32";"32";"48";"0";"0"
"MAP\M_00_09.BIN";"007BB410";"03517";"16";"16";"32";"32";"48";"48";"0";"0"
"MAP\M_00_09.BIN";"007BB470";"03517";"16";"32";"48";"0";"64";"32";"0";"0"
"MAP\M_00_09.BIN";"007BB4D0";"03517";"16";"32";"64";"0";"80";"32";"0";"0"
"MAP\M_00_09.BIN";"007BB530";"03517";"16";"32";"80";"0";"96";"32";"0";"0"
"MAP\M_00_09.BIN";"007BB590";"03517";"48";"24";"0";"48";"48";"72";"0";"0"
"MAP\M_00_09.BIN";"007BB5F0";"03517";"8";"8";"48";"32";"56";"40";"0";"0"
"MAP\M_00_09.BIN";"007BB650";"03517";"8";"8";"56";"32";"64";"40";"0";"0"
"MAP\M_00_09.BIN";"007BB6B0";"03517";"8";"8";"64";"32";"72";"40";"0";"0"
"MAP\M_00_09.BIN";"007BB710";"03518";"160";"40";"0";"0";"160";"40";"16";"113"
"MAP\M_00_09.BIN";"007BB770";"03518";"96";"40";"0";"40";"96";"80";"46";"113"
"MAP\M_00_09.BIN";"007BB830";"03594";"208";"48";"0";"0";"208";"48";"0";"0"
"MAP\M_00_09.BIN";"007BB890";"03596";"168";"24";"0";"0";"168";"24";"0";"0"
"MAP\M_00_09.BIN";"007BB8F0";"03596";"168";"24";"0";"24";"168";"48";"0";"0"
"MAP\M_00_09.BIN";"007BB950";"03594";"208";"48";"0";"96";"208";"144";"0";"0"
"MAP\M_00_09.BIN";"007BBE30";"03533";"136";"32";"0";"0";"136";"32";"16";"21"
"MAP\M_00_09.BIN";"007BBE90";"03533";"136";"32";"136";"0";"272";"32";"16";"21"
"MAP\M_00_09.BIN";"007BBEF0";"03533";"136";"32";"0";"32";"136";"64";"16";"61"
"MAP\M_00_09.BIN";"007BBF50";"03533";"136";"32";"136";"32";"272";"64";"16";"61"
"MAP\M_00_09.BIN";"007BBFB0";"03533";"136";"32";"0";"64";"136";"96";"16";"101"
"MAP\M_00_09.BIN";"007BC010";"03533";"136";"32";"136";"64";"272";"96";"16";"101"
"MAP\M_00_09.BIN";"007BC070";"03533";"136";"32";"0";"96";"136";"128";"16";"141"
"MAP\M_00_09.BIN";"007BC0D0";"03533";"136";"32";"136";"96";"272";"128";"16";"141"
"MAP\M_00_09.BIN";"007BC4F0";"03517";"24";"24";"48";"40";"72";"64";"0";"0"
"MAP\M_00_09.BIN";"007BC550";"03517";"8";"24";"72";"40";"80";"64";"0";"0"
"MAP\M_00_09.BIN";"007BC5B0";"03517";"24";"24";"80";"40";"104";"64";"0";"0"
"MAP\M_00_09.BIN";"007BC610";"03535";"376";"88";"0";"0";"376";"88";"133";"189"
"MAP\M_00_09.BIN";"007BC670";"03535";"376";"88";"0";"88";"376";"176";"133";"189"
"MAP\M_00_09.BIN";"007BC6D0";"03535";"376";"88";"0";"176";"376";"264";"133";"189"
"MAP\M_00_09.BIN";"007BC730";"03535";"376";"88";"0";"264";"376";"352";"133";"189"
"MAP\M_00_09.BIN";"007BC790";"03594";"208";"48";"0";"48";"208";"96";"0";"0"
"MAP\M_00_09.BIN";"007BC7F0";"03596";"168";"24";"0";"48";"168";"72";"0";"0"
"MAP\M_00_09.BIN";"007BC850";"03595";"320";"136";"0";"0";"320";"136";"163";"144"
"MAP\M_00_09.BIN";"007BC8B0";"03533";"136";"32";"0";"128";"136";"160";"0";"0"
"MAP\M_00_09.BIN";"007BC910";"03533";"136";"32";"136";"128";"272";"160";"0";"0"
"MAP\M_00_09.BIN";"007BC970";"03533";"136";"32";"0";"160";"136";"192";"0";"0"
"MAP\M_00_09.BIN";"007BC9D0";"03533";"136";"32";"136";"160";"272";"192";"0";"0"
"MAP\M_00_09.BIN";"007BCA30";"03302";"144";"152";"0";"0";"144";"152";"528";"344"
"MAP\M_00_09.BIN";"007BCA90";"03302";"112";"152";"144";"0";"256";"152";"528";"344"
"MAP\M_00_09.BIN";"007BCAF0";"03302";"144";"60";"0";"152";"144";"212";"480";"368"
"MAP\M_00_09.BIN";"007BCB50";"03302";"144";"60";"0";"212";"144";"272";"480";"368"
"MAP\M_00_09.BIN";"007BCBB0";"03302";"128";"40";"144";"152";"272";"192";"528";"344"
"MAP\M_00_09.BIN";"007BCC10";"03534";"192";"64";"0";"0";"192";"64";"448";"216"
"MAP\M_00_09.BIN";"007BCC70";"03770";"480";"32";"0";"0";"480";"32";"0";"0"
"MAP\M_00_09.BIN";"007BCCD0";"03770";"480";"32";"0";"32";"480";"64";"0";"0"
"MAP\M_00_09.BIN";"007BCD30";"03770";"480";"32";"0";"128";"480";"160";"0";"0"
"MAP\M_00_09.BIN";"007BCD90";"03770";"480";"32";"0";"64";"480";"96";"0";"0"
"MAP\M_00_09.BIN";"007BCDF0";"03770";"480";"32";"0";"96";"480";"128";"0";"0"
"MAP\M_00_09.BIN";"007BCE50";"03771";"480";"32";"0";"0";"480";"32";"0";"0"
"MAP\M_00_09.BIN";"007BCEB0";"03771";"480";"32";"0";"32";"480";"64";"0";"0"
"MAP\M_00_09.BIN";"007BCF10";"03771";"480";"32";"0";"64";"480";"96";"0";"0"
"MAP\M_00_09.BIN";"007BCF70";"03771";"480";"32";"0";"96";"480";"128";"0";"0"
"MAP\M_00_09.BIN";"007BCFD0";"03771";"480";"32";"0";"128";"480";"160";"0";"0"
"MAP\M_00_09.BIN";"007BD030";"03771";"480";"32";"0";"160";"480";"192";"0";"0"
"MAP\M_00_09.BIN";"007BD090";"03771";"480";"32";"0";"192";"480";"224";"0";"0"
"MAP\M_00_09.BIN";"007BD0F0";"03771";"480";"32";"0";"224";"480";"256";"0";"0"
"MAP\M_00_09.BIN";"007BD150";"03506";"32";"32";"0";"0";"32";"32";"0";"0"
"MAP\M_00_09.BIN";"007BD1B0";"03506";"32";"32";"32";"0";"64";"32";"0";"0"
"MAP\M_00_09.BIN";"007BD210";"03506";"32";"32";"64";"0";"96";"32";"0";"0"
"MAP\M_00_09.BIN";"007BD270";"03506";"32";"32";"96";"0";"128";"32";"0";"0"
"MAP\M_00_09.BIN";"007BD2D0";"03506";"32";"32";"128";"0";"160";"32";"0";"0"
"MAP\M_00_09.BIN";"007BD330";"03506";"48";"32";"160";"0";"208";"32";"0";"0"
"MAP\M_00_09.BIN";"007BD390";"03506";"48";"32";"208";"0";"256";"32";"0";"0"
"MAP\M_00_09.BIN";"007BD3F0";"03506";"48";"32";"256";"0";"304";"32";"0";"0"
"MAP\M_00_09.BIN";"007BD450";"03506";"48";"32";"304";"0";"352";"32";"0";"0"
"MAP\M_00_09.BIN";"007BD4B0";"03506";"48";"32";"352";"0";"400";"32";"0";"0"
"MAP\M_00_09.BIN";"007BD510";"03506";"48";"32";"400";"0";"448";"32";"0";"0"
"MAP\M_00_09.BIN";"007BD570";"03506";"48";"32";"0";"32";"48";"64";"0";"0"
"MAP\M_00_09.BIN";"007BD5D0";"03506";"48";"32";"48";"32";"96";"64";"0";"0"
"MAP\M_00_09.BIN";"007BD630";"03507";"16";"32";"0";"0";"16";"32";"0";"0"
"MAP\M_00_09.BIN";"007BD690";"03507";"64";"32";"16";"0";"80";"32";"0";"0"
"MAP\M_00_09.BIN";"007BD6F0";"03507";"64";"32";"80";"0";"144";"32";"0";"0"
"MAP\M_00_09.BIN";"007BD750";"03507";"96";"32";"144";"0";"240";"32";"0";"0"
"MAP\M_00_09.BIN";"007BD7B0";"03507";"64";"32";"240";"0";"304";"32";"0";"0"
"MAP\M_00_09.BIN";"007BD810";"03507";"144";"32";"304";"0";"448";"32";"0";"0"
"MAP\M_00_09.BIN";"007BD870";"03507";"80";"32";"0";"32";"80";"64";"0";"0"
"MAP\M_00_09.BIN";"007BD8D0";"03507";"80";"32";"80";"32";"160";"64";"0";"0"
"MAP\M_00_09.BIN";"007BD930";"03507";"56";"32";"160";"32";"216";"64";"0";"0"
"MAP\M_00_09.BIN";"007BD990";"03506";"48";"32";"160";"32";"208";"64";"0";"0"
"MAP\M_00_09.BIN";"007BD9F0";"03507";"88";"32";"216";"32";"304";"64";"0";"0"
"MAP\M_00_09.BIN";"007BDA50";"03507";"104";"32";"304";"32";"408";"64";"0";"0"
"MAP\M_00_09.BIN";"007BDAB0";"03507";"104";"32";"408";"32";"512";"64";"0";"0"
"MAP\M_00_09.BIN";"007BDB10";"03507";"112";"32";"448";"0";"560";"32";"0";"0"
"MAP\M_00_09.BIN";"007BDB70";"03507";"104";"32";"512";"32";"616";"64";"0";"0"
"MAP\M_00_09.BIN";"007BDBD0";"03507";"72";"32";"560";"0";"632";"32";"0";"0"
"MAP\M_00_09.BIN";"007BDC30";"03507";"88";"32";"632";"0";"720";"32";"0";"0"
"MAP\M_00_09.BIN";"007BDC90";"03507";"144";"32";"616";"32";"760";"64";"0";"0"
"MAP\M_00_09.BIN";"007BDCF0";"03507";"56";"32";"720";"0";"776";"32";"0";"0"
"MAP\M_01_01.BIN";"000AA410";"03160";"32";"224";"0";"0";"32";"224";"0";"32"
"MAP\M_01_01.BIN";"000AA470";"03160";"44";"224";"32";"0";"76";"224";"0";"136"
"MAP\M_01_01.BIN";"000AA4D0";"03160";"32";"224";"76";"0";"108";"224";"0";"136"
"MAP\M_01_01.BIN";"000AA530";"03160";"32";"224";"108";"0";"140";"224";"0";"136"
"MAP\M_01_01.BIN";"000AA590";"03161";"26";"152";"0";"0";"26";"152";"0";"72"
"MAP\M_01_01.BIN";"000AA5F0";"03161";"26";"152";"26";"0";"52";"152";"0";"72"
"MAP\M_01_01.BIN";"000AA650";"03161";"26";"152";"52";"0";"78";"152";"0";"72"
"MAP\M_01_01.BIN";"000AA6B0";"03161";"26";"152";"78";"0";"104";"152";"0";"72"
"MAP\M_01_01.BIN";"000AA710";"03161";"26";"152";"104";"0";"130";"152";"0";"72"
"MAP\M_01_01.BIN";"000AA770";"03161";"26";"152";"130";"0";"156";"152";"0";"72"
"MAP\M_01_01.BIN";"000AA7D0";"03161";"26";"152";"156";"0";"182";"152";"0";"72"
"MAP\M_01_01.BIN";"000AA830";"03161";"26";"152";"182";"0";"208";"152";"0";"72"
"MAP\M_01_01.BIN";"000AA890";"03161";"26";"152";"208";"0";"234";"152";"0";"72"
"MAP\M_01_01.BIN";"000AA8F0";"03161";"26";"152";"234";"0";"260";"152";"0";"72"
"MAP\M_01_01.BIN";"000AA950";"03161";"26";"152";"260";"0";"286";"152";"0";"72"
"MAP\M_01_01.BIN";"000AA9B0";"03161";"26";"152";"286";"0";"312";"152";"0";"72"
"MAP\M_01_01.BIN";"000AAA10";"03161";"26";"152";"312";"0";"338";"152";"0";"72"
"MAP\M_01_01.BIN";"000AAA70";"03161";"26";"152";"338";"0";"364";"152";"0";"72"
"MAP\M_01_01.BIN";"000AAAD0";"03161";"26";"152";"364";"0";"390";"152";"0";"72"
"MAP\M_01_01.BIN";"000AAB30";"03161";"26";"152";"390";"0";"416";"152";"0";"72"
"MAP\M_01_01.BIN";"000AAB90";"03161";"26";"152";"416";"0";"442";"152";"0";"72"
"MAP\M_01_01.BIN";"000AABF0";"03161";"26";"152";"442";"0";"468";"152";"0";"72"
"MAP\M_01_01.BIN";"000AAC50";"03161";"26";"152";"0";"152";"26";"304";"0";"72"
"MAP\M_01_01.BIN";"000AACB0";"03161";"26";"152";"26";"152";"52";"304";"0";"72"
"MAP\M_01_01.BIN";"000AAD10";"03161";"26";"152";"52";"152";"78";"304";"0";"72"
"MAP\M_01_01.BIN";"000AAD70";"03161";"26";"152";"78";"152";"104";"304";"0";"72"
"MAP\M_01_01.BIN";"000AADD0";"03161";"26";"152";"104";"152";"130";"304";"0";"72"
"MAP\M_01_01.BIN";"000AAE30";"03161";"26";"152";"130";"152";"156";"304";"0";"72"
"MAP\M_01_01.BIN";"000AAE90";"03161";"26";"152";"156";"152";"182";"304";"0";"72"
"MAP\M_01_01.BIN";"000AAEF0";"03161";"26";"152";"182";"152";"208";"304";"0";"72"
"MAP\M_01_01.BIN";"000AAF50";"03161";"26";"152";"208";"152";"234";"304";"0";"72"
"MAP\M_01_01.BIN";"000AAFB0";"03161";"26";"152";"234";"152";"260";"304";"0";"72"
"MAP\M_01_01.BIN";"000AB010";"03161";"26";"152";"260";"152";"286";"304";"0";"72"
"MAP\M_01_01.BIN";"000AB070";"03161";"26";"152";"286";"152";"312";"304";"0";"72"
"MAP\M_01_01.BIN";"000AB0D0";"03161";"26";"152";"312";"152";"338";"304";"0";"72"
"MAP\M_01_01.BIN";"000AB130";"03161";"26";"152";"338";"152";"364";"304";"0";"72"
"MAP\M_01_01.BIN";"000AB190";"03161";"26";"152";"364";"152";"390";"304";"0";"72"
"MAP\M_01_01.BIN";"000AB1F0";"03161";"26";"152";"390";"152";"416";"304";"0";"72"
"MAP\M_01_01.BIN";"000AB250";"03161";"26";"152";"416";"152";"442";"304";"0";"72"
"MAP\M_01_01.BIN";"000AB2B0";"03161";"26";"152";"442";"152";"468";"304";"0";"72"
"MAP\M_01_01.BIN";"000AB310";"03163";"26";"256";"182";"0";"208";"256";"0";"136"
"MAP\M_01_01.BIN";"000AB370";"03162";"26";"172";"26";"0";"52";"172";"0";"136"
"MAP\M_01_01.BIN";"000AB3D0";"03162";"26";"172";"52";"0";"78";"172";"0";"136"
"MAP\M_01_01.BIN";"000AB430";"03162";"26";"172";"78";"0";"104";"172";"0";"136"
"MAP\M_01_01.BIN";"000AB490";"03162";"26";"172";"104";"0";"130";"172";"0";"136"
"MAP\M_01_01.BIN";"000AB4F0";"03162";"26";"172";"130";"0";"156";"172";"0";"136"
"MAP\M_01_01.BIN";"000AB550";"03162";"26";"172";"156";"0";"182";"172";"0";"136"
"MAP\M_01_01.BIN";"000AB5B0";"03162";"26";"172";"182";"0";"208";"172";"0";"136"
"MAP\M_01_01.BIN";"000AB610";"03162";"26";"172";"208";"0";"234";"172";"0";"136"
"MAP\M_01_01.BIN";"000AB670";"03162";"26";"172";"234";"0";"260";"172";"0";"136"
"MAP\M_01_01.BIN";"000AB6D0";"03162";"26";"172";"260";"0";"286";"172";"0";"136"
"MAP\M_01_01.BIN";"000AB730";"03162";"26";"172";"286";"0";"312";"172";"0";"136"
"MAP\M_01_01.BIN";"000AB790";"03162";"26";"172";"312";"0";"338";"172";"0";"136"
"MAP\M_01_01.BIN";"000AB7F0";"03162";"26";"172";"338";"0";"364";"172";"0";"136"
"MAP\M_01_01.BIN";"000AB850";"03162";"26";"172";"364";"0";"390";"172";"0";"136"
"MAP\M_01_01.BIN";"000AB8B0";"03162";"26";"172";"390";"0";"416";"172";"0";"136"
"MAP\M_01_01.BIN";"000AB910";"03162";"26";"172";"416";"0";"442";"172";"0";"136"
"MAP\M_01_01.BIN";"000AB970";"03162";"26";"172";"0";"172";"26";"344";"0";"136"
"MAP\M_01_01.BIN";"000AB9D0";"03162";"26";"172";"26";"172";"52";"344";"0";"136"
"MAP\M_01_01.BIN";"000ABA30";"03162";"26";"172";"52";"172";"78";"344";"0";"136"
"MAP\M_01_01.BIN";"000ABA90";"03162";"26";"172";"78";"172";"104";"344";"0";"136"
"MAP\M_01_01.BIN";"000ABAF0";"03162";"26";"172";"104";"172";"130";"344";"0";"136"
"MAP\M_01_01.BIN";"000ABB50";"03162";"26";"172";"130";"172";"156";"344";"0";"136"
"MAP\M_01_01.BIN";"000ABBB0";"03162";"26";"172";"156";"172";"182";"344";"0";"136"
"MAP\M_01_01.BIN";"000ABC10";"03162";"26";"172";"182";"172";"208";"344";"0";"136"
"MAP\M_01_01.BIN";"000ABC70";"03162";"26";"172";"208";"172";"234";"344";"0";"136"
"MAP\M_01_01.BIN";"000ABCD0";"03162";"26";"172";"234";"172";"260";"344";"0";"136"
"MAP\M_01_01.BIN";"000ABD30";"03162";"26";"172";"260";"172";"286";"344";"0";"136"
"MAP\M_01_01.BIN";"000ABD90";"03162";"26";"172";"286";"172";"312";"344";"0";"136"
"MAP\M_01_01.BIN";"000ABDF0";"03162";"26";"172";"312";"172";"338";"344";"0";"136"
"MAP\M_01_01.BIN";"000ABE50";"03162";"26";"172";"338";"172";"364";"344";"0";"136"
"MAP\M_01_01.BIN";"000ABEB0";"03162";"26";"172";"364";"172";"390";"344";"0";"136"
"MAP\M_01_01.BIN";"000ABF10";"03162";"26";"172";"390";"172";"416";"344";"0";"136"
"MAP\M_01_01.BIN";"000ABF70";"03162";"26";"172";"416";"172";"442";"344";"0";"136"
"MAP\M_01_01.BIN";"000ABFD0";"03163";"26";"256";"0";"0";"26";"256";"0";"136"
"MAP\M_01_01.BIN";"000AC030";"03163";"26";"256";"26";"0";"52";"256";"0";"136"
"MAP\M_01_01.BIN";"000AC090";"03163";"26";"256";"52";"0";"78";"256";"0";"136"
"MAP\M_01_01.BIN";"000AC0F0";"03163";"26";"256";"78";"0";"104";"256";"0";"136"
"MAP\M_01_01.BIN";"000AC150";"03163";"26";"512";"104";"0";"130";"512";"0";"136"
"MAP\M_01_01.BIN";"000AC1B0";"03163";"26";"256";"0";"256";"26";"512";"0";"136"
"MAP\M_01_01.BIN";"000AC210";"03163";"26";"256";"26";"256";"52";"512";"0";"136"
"MAP\M_01_01.BIN";"000AC270";"03163";"26";"256";"52";"256";"78";"512";"0";"136"
"MAP\M_01_01.BIN";"000AC2D0";"03163";"26";"256";"78";"256";"104";"512";"0";"136"
"MAP\M_01_01.BIN";"000AC330";"03163";"26";"512";"130";"0";"156";"512";"0";"136"
"MAP\M_01_01.BIN";"000AC390";"03163";"26";"512";"156";"0";"182";"512";"0";"32"
"MAP\M_01_01.BIN";"000AC3F0";"03164";"26";"172";"0";"0";"26";"172";"0";"136"
"MAP\M_01_01.BIN";"000AC450";"03164";"26";"172";"26";"0";"52";"172";"0";"136"
"MAP\M_01_01.BIN";"000AC4B0";"03164";"26";"172";"52";"0";"78";"172";"0";"136"
"MAP\M_01_01.BIN";"000AC510";"03164";"26";"172";"78";"0";"104";"172";"0";"136"
"MAP\M_01_01.BIN";"000AC570";"03164";"26";"172";"104";"0";"130";"172";"0";"136"
"MAP\M_01_01.BIN";"000AC5D0";"03164";"26";"172";"130";"0";"156";"172";"0";"136"
"MAP\M_01_01.BIN";"000AC630";"03164";"26";"172";"156";"0";"182";"172";"0";"136"
"MAP\M_01_01.BIN";"000AC690";"03164";"26";"172";"182";"0";"208";"172";"0";"136"
"MAP\M_01_01.BIN";"000AC6F0";"03161";"26";"152";"468";"0";"494";"152";"0";"72"
"MAP\M_01_01.BIN";"000AC750";"03162";"26";"172";"0";"0";"26";"172";"0";"136"
"MAP\M_CMN.BIN";"000D54D0";"03568";"32";"32";"0";"0";"32";"32";"0";"0"
"MAP\M_CMN.BIN";"000D5530";"03568";"40";"40";"32";"0";"72";"40";"0";"0"
"MAP\M_CMN.BIN";"000D5590";"03568";"72";"36";"72";"0";"144";"36";"0";"0"
"MAP\M_CMN.BIN";"000D55F0";"03567";"640";"448";"0";"0";"640";"448";"0";"0"
"MAP\M_CMN.BIN";"000D5650";"03568";"24";"24";"144";"0";"168";"24";"306";"100"
"MAP\M_CMN.BIN";"000D56B0";"03568";"24";"24";"144";"24";"168";"48";"306";"351"
"MAP\M_CMN.BIN";"000D5710";"03768";"136";"24";"0";"0";"136";"24";"252";"44"
"MAP\M_CMN.BIN";"000D5770";"03768";"136";"24";"0";"24";"136";"48";"252";"44"
"MAP\M_CMN.BIN";"000D57D0";"03769";"640";"32";"0";"0";"640";"32";"0";"416"
"MAP\M_CMN.BIN";"000D5830";"03769";"640";"32";"0";"32";"640";"64";"0";"416"
"SLPS_255.74";"00168FE0";"00099";"640";"448";"0";"0";"640";"448";"320";"224"
"SLPS_255.74";"00169040";"03041";"376";"168";"0";"0";"376";"168";"248";"160"
"SLPS_255.74";"001690A0";"03041";"200";"40";"0";"168";"200";"208";"352";"352"
"SLPS_255.74";"00169100";"03041";"328";"40";"0";"208";"328";"248";"296";"405"
"SLPS_255.74";"001691E0";"03578";"224";"32";"0";"0";"224";"32";"208";"209"
"SLPS_255.74";"00181EB0";"03045";"272";"120";"0";"0";"272";"120";"368";"305"
"SLPS_255.74";"00181F10";"03045";"120";"272";"0";"120";"120";"392";"520";"170"
"SLPS_255.74";"00184C30";"03606";"296";"32";"0";"0";"296";"32";"344";"416"
"SLPS_255.74";"00184C90";"03606";"200";"32";"0";"32";"200";"64";"440";"416"
"SLPS_255.74";"00184CF0";"03606";"88";"32";"200";"32";"288";"64";"552";"416"
"SLPS_255.74";"00191FA0";"03548";"640";"448";"0";"0";"640";"448";"0";"0"
"SLPS_255.74";"00193860";"03604";"360";"72";"0";"0";"360";"72";"138";"164"
"SLPS_255.74";"00195BB0";"03502";"32";"104";"192";"0";"224";"104";"259";"310"
"SLPS_255.74";"00195C10";"03502";"32";"104";"192";"104";"224";"208";"259";"310"
"SLPS_255.74";"00195C70";"03502";"32";"104";"192";"208";"224";"312";"259";"310"
"SLPS_255.74";"00195CD0";"03502";"32";"104";"160";"0";"192";"104";"219";"310"
"SLPS_255.74";"00195D30";"03502";"32";"104";"160";"104";"192";"208";"219";"310"
"SLPS_255.74";"00195D90";"03502";"32";"104";"160";"208";"192";"312";"219";"310"
"SLPS_255.74";"00195DF0";"03502";"32";"104";"128";"0";"160";"104";"179";"310"
"SLPS_255.74";"00195E50";"03502";"32";"104";"128";"104";"160";"208";"179";"310"
"SLPS_255.74";"00195EB0";"03502";"32";"104";"128";"208";"160";"312";"179";"310"
"SLPS_255.74";"00195F10";"03502";"32";"104";"96";"0";"128";"104";"139";"310"
"SLPS_255.74";"00195F70";"03502";"32";"104";"96";"104";"128";"208";"139";"310"
"SLPS_255.74";"00195FD0";"03502";"32";"104";"96";"208";"128";"312";"139";"310"
"SLPS_255.74";"00196030";"03502";"32";"104";"64";"0";"96";"104";"99";"310"
"SLPS_255.74";"00196090";"03502";"32";"104";"64";"104";"96";"208";"99";"310"
"SLPS_255.74";"001960F0";"03502";"32";"104";"64";"208";"96";"312";"99";"310"
"SLPS_255.74";"00196150";"03502";"32";"104";"32";"0";"64";"104";"59";"310"
"SLPS_255.74";"001961B0";"03502";"32";"104";"32";"104";"64";"208";"59";"310"
"SLPS_255.74";"00196210";"03502";"32";"104";"32";"208";"64";"312";"59";"310"
"SLPS_255.74";"00196270";"03502";"32";"104";"0";"0";"32";"104";"19";"310"
"SLPS_255.74";"001962D0";"03502";"32";"104";"0";"104";"32";"208";"19";"310"
"SLPS_255.74";"00196330";"03502";"32";"104";"0";"208";"32";"312";"19";"310"
"SLPS_255.74";"00196390";"03503";"96";"256";"0";"0";"96";"256";"510";"103"
"SLPS_255.74";"001964B0";"03505";"96";"40";"0";"0";"96";"40";"508";"360"
"SLPS_255.74";"00196510";"03505";"96";"32";"0";"40";"96";"72";"508";"412"
"SLPS_255.74";"00197A70";"03546";"16";"336";"0";"0";"16";"336";"0";"0"
"SLPS_255.74";"00197AD0";"03546";"16";"336";"16";"0";"32";"336";"0";"0"
"SLPS_255.74";"00197B30";"03546";"16";"336";"32";"0";"48";"336";"0";"0"
"SLPS_255.74";"00197F50";"03586";"96";"96";"0";"0";"96";"96";"0";"0"
"SLPS_255.74";"00198010";"03508";"128";"24";"0";"0";"128";"24";"87";"79"
"SLPS_255.74";"00198070";"03508";"128";"24";"128";"0";"256";"24";"87";"79"
"SLPS_255.74";"001980D0";"03508";"128";"24";"0";"24";"128";"48";"87";"107"
"SLPS_255.74";"00198130";"03508";"128";"24";"128";"24";"256";"48";"87";"107"
"SLPS_255.74";"00198190";"03508";"128";"24";"0";"48";"128";"72";"87";"135"
"SLPS_255.74";"001981F0";"03508";"128";"24";"128";"48";"256";"72";"87";"135"
"SLPS_255.74";"00198250";"03508";"128";"24";"0";"72";"128";"96";"87";"163"
"SLPS_255.74";"001982B0";"03508";"128";"24";"128";"72";"256";"96";"87";"163"
"SLPS_255.74";"00198310";"03508";"128";"24";"0";"96";"128";"120";"87";"191"
"SLPS_255.74";"00198370";"03508";"128";"24";"128";"96";"256";"120";"87";"191"
"SLPS_255.74";"001983D0";"03508";"128";"24";"0";"120";"128";"144";"87";"219"
"SLPS_255.74";"00198430";"03508";"128";"24";"128";"120";"256";"144";"87";"219"
"SLPS_255.74";"00198490";"03509";"40";"24";"0";"0";"40";"24";"0";"0"
"SLPS_255.74";"001984F0";"03509";"40";"24";"40";"0";"80";"24";"0";"0"
"SLPS_255.74";"00198550";"03509";"56";"24";"80";"0";"136";"24";"0";"0"
"SLPS_255.74";"001985B0";"03509";"56";"24";"136";"0";"192";"24";"0";"0"
"SLPS_255.74";"00198610";"03509";"72";"24";"0";"24";"72";"48";"0";"0"
"SLPS_255.74";"00198670";"03509";"72";"24";"72";"24";"144";"48";"0";"0"
"SLPS_255.74";"001986D0";"03509";"72";"24";"0";"48";"72";"72";"0";"0"
"SLPS_255.74";"00198730";"03509";"72";"24";"72";"48";"144";"72";"0";"0"
"SLPS_255.74";"00198790";"03509";"56";"24";"0";"72";"56";"96";"0";"0"
"SLPS_255.74";"001987F0";"03509";"56";"24";"56";"72";"112";"96";"0";"0"
"SLPS_255.74";"00198850";"03509";"40";"24";"192";"0";"232";"24";"0";"0"
"SLPS_255.74";"001988B0";"03509";"40";"24";"112";"72";"152";"96";"0";"0"
"SLPS_255.74";"00198910";"03509";"56";"24";"144";"24";"200";"48";"0";"0"
"SLPS_255.74";"00198970";"03509";"56";"24";"200";"24";"256";"48";"0";"0"
"SLPS_255.74";"001989D0";"03509";"40";"24";"152";"72";"192";"96";"0";"0"
"SLPS_255.74";"00198A30";"03509";"40";"24";"192";"72";"232";"96";"0";"0"
"SLPS_255.74";"00198A90";"03509";"56";"24";"144";"48";"200";"72";"0";"0"
"SLPS_255.74";"00198AF0";"03509";"56";"24";"200";"48";"256";"72";"0";"0"
"SLPS_255.74";"00198B50";"03510";"32";"200";"0";"0";"32";"200";"39";"139"
"SLPS_255.74";"00198BB0";"03510";"32";"200";"32";"0";"64";"200";"39";"139"
"SLPS_255.74";"00198C10";"03511";"64";"192";"0";"0";"64";"192";"549";"77"
"SLPS_255.74";"00198C70";"03512";"32";"128";"0";"0";"32";"128";"351";"87"
"SLPS_255.74";"00199030";"03514";"32";"24";"0";"0";"32";"24";"0";"0"
"SLPS_255.74";"00199090";"03514";"32";"24";"32";"0";"64";"24";"0";"0"
"SLPS_255.74";"001990F0";"03514";"32";"24";"64";"0";"96";"24";"0";"0"
"SLPS_255.74";"00199150";"03514";"32";"24";"96";"0";"128";"24";"0";"0"
"SLPS_255.74";"001991B0";"03514";"32";"24";"128";"0";"160";"24";"0";"0"
"SLPS_255.74";"00199210";"03514";"32";"24";"160";"0";"192";"24";"0";"0"
"SLPS_255.74";"00199270";"03514";"32";"24";"192";"0";"224";"24";"0";"0"
"SLPS_255.74";"001992D0";"03514";"48";"24";"0";"24";"48";"48";"0";"0"
"SLPS_255.74";"00199330";"03514";"48";"24";"48";"24";"96";"48";"0";"0"
"SLPS_255.74";"00199390";"03514";"48";"24";"96";"24";"144";"48";"0";"0"
"SLPS_255.74";"001993F0";"03514";"48";"24";"144";"24";"192";"48";"0";"0"
"SLPS_255.74";"00199450";"03514";"48";"24";"192";"24";"240";"48";"0";"0"
"SLPS_255.74";"001994B0";"03514";"48";"24";"0";"48";"48";"72";"0";"0"
"SLPS_255.74";"00199510";"03514";"48";"24";"48";"48";"96";"72";"0";"0"
"SLPS_255.74";"00199570";"03514";"48";"24";"96";"48";"144";"72";"0";"0"
"SLPS_255.74";"001995D0";"03514";"48";"24";"144";"48";"192";"72";"0";"0"
"SLPS_255.74";"00199630";"03515";"40";"24";"200";"0";"240";"24";"0";"0"
"SLPS_255.74";"00199690";"03515";"40";"24";"200";"24";"240";"48";"0";"0"
"SLPS_255.74";"001996F0";"03515";"160";"40";"0";"0";"160";"40";"454";"105"
"SLPS_255.74";"00199750";"03515";"128";"24";"0";"40";"128";"64";"470";"71"
"SLPS_255.74";"001997B0";"03515";"32";"16";"128";"40";"160";"56";"28";"75"
"SLPS_255.74";"00199810";"03515";"40";"16";"160";"0";"200";"16";"54";"100"
"SLPS_255.74";"00199870";"03515";"40";"16";"160";"16";"200";"32";"177";"100"
"SLPS_255.74";"001998D0";"03515";"40";"16";"160";"32";"200";"48";"321";"100"
"SLPS_255.74";"00199930";"03515";"40";"16";"160";"48";"200";"64";"375";"100"
"SLPS_255.74";"00199CF0";"03605";"16";"176";"0";"0";"16";"176";"0";"0"
"SLPS_255.74";"00199D50";"03605";"16";"176";"16";"0";"32";"176";"0";"0"
"SLPS_255.74";"00199DB0";"03605";"16";"176";"32";"0";"48";"176";"0";"0"
"SLPS_255.74";"00199E10";"03563";"144";"48";"0";"0";"144";"48";"40";"74"
"SLPS_255.74";"0019AC50";"03544";"48";"176";"0";"0";"48";"176";"558";"71"
"SLPS_255.74";"0019ACB0";"03544";"24";"120";"48";"0";"72";"120";"570";"266"
"SLPS_255.74";"0019AD10";"03544";"24";"120";"72";"0";"96";"120";"570";"266"
"SLPS_255.74";"0019AD70";"03545";"400";"32";"0";"0";"400";"32";"19";"71"
"SLPS_255.74";"0019ADD0";"03545";"400";"32";"0";"32";"400";"64";"19";"303"
"SLPS_255.74";"0019AE30";"03547";"240";"48";"0";"0";"240";"48";"40";"39"
"SLPS_255.74";"0019AE90";"03547";"224";"24";"0";"48";"224";"72";"48";"96"
"SLPS_255.74";"0019AEF0";"03547";"248";"24";"0";"72";"248";"96";"329";"43"
"SLPS_255.74";"0019B670";"03569";"48";"176";"0";"0";"48";"176";"554";"75"
"SLPS_255.74";"0019B6D0";"03569";"24";"176";"48";"0";"72";"176";"567";"256"
"SLPS_255.74";"0019B730";"03569";"24";"112";"72";"0";"96";"112";"567";"256"
"SLPS_255.74";"0019B790";"03569";"24";"112";"96";"0";"120";"112";"567";"256"
"SLPS_255.74";"0019B7F0";"03569";"24";"176";"120";"0";"144";"176";"567";"256"
"SLPS_255.74";"0019B850";"03569";"32";"64";"72";"112";"104";"176";"208";"248"
"SLPS_255.74";"0019BA30";"03569";"24";"112";"192";"0";"216";"112";"567";"256"
"SLPS_255.74";"0019BA90";"03569";"48";"176";"144";"0";"192";"176";"554";"75"
"SLPS_255.74";"0019BC70";"03574";"640";"448";"0";"0";"640";"448";"0";"0"
"SLPS_255.74";"0019BCD0";"03575";"640";"448";"0";"0";"640";"448";"0";"0"
"SLPS_255.74";"0019BD30";"03576";"640";"448";"0";"0";"640";"448";"0";"0"
"SLPS_255.74";"0019BD90";"03577";"640";"448";"0";"0";"640";"448";"0";"0"
"SLPS_255.74";"0019BDF0";"03579";"640";"448";"0";"0";"640";"448";"0";"0"
"SLPS_255.74";"0019BE50";"03580";"640";"448";"0";"0";"640";"448";"0";"0"
"SLPS_255.74";"0019BEB0";"03581";"640";"448";"0";"0";"640";"448";"0";"0"
"SLPS_255.74";"0019BF10";"03582";"512";"224";"0";"0";"512";"224";"30";"81"
"SLPS_255.74";"0019BF70";"03583";"512";"224";"0";"0";"512";"224";"30";"81"
"SLPS_255.74";"0019BFD0";"03584";"512";"224";"0";"0";"512";"224";"30";"81"
"SLPS_255.74";"0019C030";"03585";"512";"224";"0";"0";"512";"224";"30";"81"
"SLPS_255.74";"0019C090";"03750";"320";"224";"0";"0";"320";"224";"234";"81"
"SLPS_255.74";"0019C0F0";"03751";"320";"224";"0";"0";"320";"224";"234";"81"
"SLPS_255.74";"0019C150";"03752";"320";"224";"0";"0";"320";"224";"234";"81"
"SLPS_255.74";"0019C1B0";"03753";"320";"224";"0";"0";"320";"224";"234";"81"
"SLPS_255.74";"0019C210";"03754";"320";"224";"0";"0";"320";"224";"234";"81"
"SLPS_255.74";"0019C270";"03755";"320";"224";"0";"0";"320";"224";"234";"81"
"SLPS_255.74";"0019C2D0";"03756";"320";"224";"0";"0";"320";"224";"234";"81"
"SLPS_255.74";"0019CBD0";"03587";"448";"32";"0";"0";"448";"32";"13";"83"
"SLPS_255.74";"0019CC30";"03587";"448";"40";"0";"32";"448";"72";"0";"0"
"SLPS_255.74";"0019CC90";"03588";"640";"32";"0";"0";"640";"32";"0";"416"
"SLPS_255.74";"0019CCF0";"03589";"160";"240";"0";"0";"160";"240";"467";"85"
"SLPS_255.74";"0019CD50";"03590";"448";"32";"0";"0";"448";"32";"97";"83"
"SLPS_255.74";"0019CDB0";"03590";"448";"40";"0";"32";"448";"72";"0";"0"
"SLPS_255.74";"0019CE10";"03587";"448";"32";"0";"72";"448";"104";"13";"83"
"SLPS_255.74";"0019CED0";"03588";"640";"32";"0";"32";"640";"64";"0";"0"
"SLPS_255.74";"0019CF30";"03597";"448";"32";"0";"0";"448";"32";"13";"83"
"SLPS_255.74";"0019CF90";"03597";"448";"32";"0";"32";"448";"64";"13";"83"
"SLPS_255.74";"0019CFF0";"03597";"448";"40";"0";"64";"448";"104";"0";"0"
"SLPS_255.74";"0019D050";"03506";"32";"32";"0";"0";"32";"32";"0";"0"
"SLPS_255.74";"0019D0B0";"03506";"32";"32";"32";"0";"64";"32";"0";"0"
"SLPS_255.74";"0019D110";"03506";"32";"32";"64";"0";"96";"32";"0";"0"
"SLPS_255.74";"0019D170";"03506";"32";"32";"96";"0";"128";"32";"0";"0"
"SLPS_255.74";"0019D1D0";"03506";"32";"32";"128";"0";"160";"32";"0";"0"
"SLPS_255.74";"0019D230";"03506";"48";"32";"160";"0";"208";"32";"0";"0"
"SLPS_255.74";"0019D290";"03506";"48";"32";"208";"0";"256";"32";"0";"0"
"SLPS_255.74";"0019D2F0";"03506";"48";"32";"256";"0";"304";"32";"0";"0"
"SLPS_255.74";"0019D350";"03506";"48";"32";"304";"0";"352";"32";"0";"0"
"SLPS_255.74";"0019D3B0";"03506";"48";"32";"352";"0";"400";"32";"0";"0"
"SLPS_255.74";"0019D410";"03506";"48";"32";"400";"0";"448";"32";"0";"0"
"SLPS_255.74";"0019D470";"03506";"48";"32";"0";"32";"48";"64";"0";"0"
"SLPS_255.74";"0019D4D0";"03506";"48";"32";"48";"32";"96";"64";"0";"0"
"SLPS_255.74";"0019D530";"03507";"16";"32";"0";"0";"16";"32";"0";"0"
"SLPS_255.74";"0019D590";"03507";"64";"32";"16";"0";"80";"32";"0";"0"
"SLPS_255.74";"0019D5F0";"03507";"64";"32";"80";"0";"144";"32";"0";"0"
"SLPS_255.74";"0019D650";"03507";"96";"32";"144";"0";"240";"32";"0";"0"
"SLPS_255.74";"0019D6B0";"03507";"64";"32";"240";"0";"304";"32";"0";"0"
"SLPS_255.74";"0019D710";"03507";"144";"32";"304";"0";"448";"32";"0";"0"
"SLPS_255.74";"0019D770";"03507";"80";"32";"0";"32";"80";"64";"0";"0"
"SLPS_255.74";"0019D7D0";"03507";"80";"32";"80";"32";"160";"64";"0";"0"
"SLPS_255.74";"0019D830";"03507";"56";"32";"160";"32";"216";"64";"0";"0"
"SLPS_255.74";"0019D890";"03506";"48";"32";"160";"32";"208";"64";"0";"0"
"SLPS_255.74";"0019D8F0";"03507";"88";"32";"216";"32";"304";"64";"0";"0"
"SLPS_255.74";"0019D950";"03507";"104";"32";"304";"32";"408";"64";"0";"0"
"SLPS_255.74";"0019D9B0";"03507";"104";"32";"408";"32";"512";"64";"0";"0"
"SLPS_255.74";"0019DA10";"03507";"112";"32";"448";"0";"560";"32";"0";"0"
"SLPS_255.74";"0019DA70";"03507";"104";"32";"512";"32";"616";"64";"0";"0"
"SLPS_255.74";"0019DAD0";"03507";"72";"32";"560";"0";"632";"32";"0";"0"
"SLPS_255.74";"0019DB30";"03507";"88";"32";"632";"0";"720";"32";"0";"0"
"SLPS_255.74";"0019DB90";"03507";"144";"32";"616";"32";"760";"64";"0";"0"
"SLPS_255.74";"0019DBF0";"03507";"56";"32";"720";"0";"776";"32";"0";"0"
"SLPS_255.74";"0019DC50";"03507";"56";"32";"776";"0";"832";"32";"0";"0"
"SLPS_255.74";"0019DCB0";"03507";"88";"32";"760";"32";"848";"64";"0";"0"
"SLPS_255.74";"0019DD10";"03506";"16";"32";"96";"32";"112";"64";"0";"0"
"SLPS_255.74";"001A18E0";"03591";"456";"112";"0";"0";"456";"112";"92";"39"
"SLPS_255.74";"001A1940";"03592";"64";"104";"0";"0";"64";"104";"0";"0"
"SLPS_255.74";"001A8DD0";"03020";"640";"448";"0";"0";"640";"448";"0";"0"
"SLPS_255.74";"001A8E30";"03021";"640";"448";"0";"0";"640";"448";"0";"0"
"SLPS_255.74";"001A8E90";"03022";"640";"448";"0";"0";"640";"448";"0";"0"
"SLPS_255.74";"001A8EF0";"03023";"640";"448";"0";"0";"640";"448";"0";"0"
"SLPS_255.74";"001A8F50";"03024";"640";"448";"0";"0";"640";"448";"0";"0"
"SLPS_255.74";"001A8FB0";"03025";"640";"448";"0";"0";"640";"448";"0";"0"
"SLPS_255.74";"001A9010";"03026";"640";"448";"0";"0";"640";"448";"0";"0"
"SLPS_255.74";"001A9070";"03027";"640";"448";"0";"0";"640";"448";"0";"0"
"SLPS_255.74";"001A90D0";"03028";"640";"448";"0";"0";"640";"448";"0";"0"
"SLPS_255.74";"001A9130";"03029";"640";"448";"0";"0";"640";"448";"0";"0"
"SLPS_255.74";"001A9220";"03593";"640";"448";"0";"0";"640";"448";"0";"0"
"SLPS_255.74";"001A9280";"03598";"88";"128";"0";"0";"88";"128";"373";"309"
"SLPS_255.74";"001A92E0";"03599";"48";"88";"0";"0";"48";"88";"402";"291"
"SLPS_255.74";"001A9340";"03599";"48";"64";"48";"0";"96";"64";"356";"349"
"SLPS_255.74";"001A93A0";"03600";"152";"40";"0";"0";"152";"40";"248";"95"
"SLPS_255.74";"001A9400";"03601";"136";"136";"0";"0";"136";"136";"0";"0"
"SLPS_255.74";"001A9460";"03602";"256";"64";"0";"0";"256";"64";"191";"221"
"SLPS_255.74";"001A94C0";"03602";"256";"40";"0";"64";"256";"104";"191";"295"
"SLPS_255.74";"001A9520";"03602";"256";"40";"0";"104";"256";"144";"191";"345"
"SLPS_255.74";"001A9580";"03603";"40";"40";"0";"0";"40";"40";"0";"0"
"SLPS_255.74";"001A9C50";"03610";"640";"448";"0";"0";"640";"448";"0";"0"
"SLPS_255.74";"001A9CB0";"03611";"640";"32";"0";"0";"640";"32";"0";"416"
"SLPS_255.74";"001A9D10";"03611";"640";"32";"0";"32";"640";"64";"0";"416"
"SLPS_255.74";"001A9D70";"03611";"640";"32";"0";"64";"640";"96";"0";"416"
"SLPS_255.74";"001A9DD0";"03612";"184";"336";"0";"0";"184";"336";"431";"58"
"SLPS_255.74";"001A9E30";"03612";"280";"336";"184";"0";"464";"336";"346";"58"
"SLPS_255.74";"001A9E90";"03613";"192";"24";"0";"0";"192";"24";"0";"0"
"SLPS_255.74";"001A9EF0";"03613";"168";"32";"0";"24";"168";"56";"0";"0"
"SLPS_255.74";"001A9F50";"03613";"168";"24";"0";"56";"168";"80";"0";"0"
"SLPS_255.74";"001A9FB0";"03613";"24";"24";"168";"24";"192";"48";"509";"47"
"SLPS_255.74";"001AA010";"03613";"24";"24";"168";"48";"192";"72";"509";"381"
"SLPS_255.74";"001AB870";"03692";"120";"136";"0";"0";"120";"136";"105";"158"
"SLPS_255.74";"001AC420";"03054";"256";"56";"0";"0";"256";"56";"368";"16"
"SLPS_255.74";"001AC480";"03054";"256";"56";"0";"56";"256";"112";"368";"16"
"SLPS_255.74";"001AC4E0";"03054";"150";"32";"0";"112";"150";"144";"424";"392"
"SLPS_255.74";"001AC540";"03045";"272";"120";"0";"0";"272";"120";"368";"272"
"SLPS_255.74";"001AC5A0";"03320";"16";"88";"0";"0";"16";"88";"16";"328"
"SLPS_255.74";"001AC600";"03320";"16";"88";"16";"0";"32";"88";"32";"328"
"SLPS_255.74";"001AC660";"03320";"16";"88";"32";"0";"48";"88";"608";"328"
"SLPS_255.74";"001AC6C0";"03323";"640";"32";"0";"0";"640";"32";"0";"416"
"SLPS_255.74";"001AC720";"03351";"184";"32";"0";"0";"184";"32";"124";"32"
"SLPS_255.74";"001AC780";"03351";"184";"32";"184";"0";"368";"32";"124";"72"
"SLPS_255.74";"001AC7E0";"03351";"184";"32";"184";"32";"368";"64";"124";"108"
"SLPS_255.74";"001AC840";"03352";"520";"88";"0";"0";"520";"88";"0";"0"
"SLPS_255.74";"001AC8A0";"03352";"88";"88";"0";"88";"88";"176";"16";"16"
"SLPS_255.74";"001AC900";"03352";"88";"88";"88";"88";"176";"176";"16";"120"
"SLPS_255.74";"001AC960";"03352";"88";"88";"176";"88";"264";"176";"16";"224"
"SLPS_255.74";"001AC9C0";"03352";"88";"88";"264";"88";"352";"176";"0";"0"
"SLPS_255.74";"001ACA20";"03353";"256";"256";"0";"0";"256";"256";"48";"96"
"SLPS_255.74";"001ACA80";"03354";"256";"256";"0";"0";"256";"256";"48";"96"
"SLPS_255.74";"001ACAE0";"03355";"256";"256";"0";"0";"256";"256";"48";"96"
"SLPS_255.74";"001ACB40";"03356";"288";"224";"0";"0";"288";"224";"336";"128"
"SLPS_255.74";"001ACBA0";"03357";"288";"224";"0";"0";"288";"224";"336";"128"
"SLPS_255.74";"001ACC00";"03358";"288";"224";"0";"0";"288";"224";"336";"128"
"SLPS_255.74";"001ACC60";"03359";"256";"32";"0";"0";"256";"32";"384";"32"
"SLPS_255.74";"001ACCC0";"03359";"256";"32";"0";"32";"256";"64";"384";"32"
"SLPS_255.74";"001ACD20";"03359";"256";"32";"0";"64";"256";"96";"384";"32"
"SLPS_255.74";"001ACD80";"03326";"32";"32";"32";"0";"64";"32";"320";"224"
"SLPS_255.74";"001ACDE0";"03326";"32";"32";"32";"32";"64";"64";"32";"224"
"SLPS_255.74";"001ACE40";"03351";"184";"32";"0";"32";"184";"64";"124";"32"
"SLPS_255.74";"001ACF00";"03329";"420";"16";"0";"0";"420";"16";"204";"76"
"SLPS_255.74";"001ACF60";"03329";"420";"16";"0";"16";"420";"32";"204";"76"
"SLPS_255.74";"001ACFC0";"03329";"420";"16";"0";"32";"420";"48";"204";"76"
"SLPS_255.74";"001AD020";"03329";"420";"16";"0";"48";"420";"64";"204";"76"
"SLPS_255.74";"001AD080";"03329";"420";"16";"0";"64";"420";"80";"204";"76"
"SLPS_255.74";"001AD0E0";"03329";"84";"40";"420";"0";"504";"40";"0";"0"
"SLPS_255.74";"001AD140";"03329";"84";"40";"420";"40";"504";"80";"0";"0"
"SLPS_255.74";"001AD1A0";"03345";"80";"56";"0";"0";"80";"56";"0";"0"
"SLPS_255.74";"001AD200";"03345";"56";"56";"144";"0";"200";"56";"216";"216"
"SLPS_255.74";"001AD260";"03331";"96";"32";"0";"0";"96";"32";"0";"0"
"SLPS_255.74";"001AD2C0";"03331";"96";"32";"0";"32";"96";"64";"0";"0"
"SLPS_255.74";"001AD320";"03331";"96";"32";"0";"64";"96";"96";"0";"0"
"SLPS_255.74";"001AD380";"03331";"96";"32";"0";"96";"96";"128";"0";"0"
"SLPS_255.74";"001AD3E0";"03331";"96";"32";"0";"128";"96";"160";"0";"0"
"SLPS_255.74";"001AD440";"03331";"96";"32";"96";"0";"192";"32";"0";"0"
"SLPS_255.74";"001AD4A0";"03331";"96";"32";"96";"32";"192";"64";"0";"0"
"SLPS_255.74";"001AD500";"03331";"96";"32";"96";"64";"192";"96";"0";"0"
"SLPS_255.74";"001AD560";"03331";"96";"32";"96";"96";"192";"128";"0";"0"
"SLPS_255.74";"001AD5C0";"03331";"96";"32";"96";"128";"192";"160";"0";"0"
"SLPS_255.74";"001AD620";"03332";"84";"34";"0";"0";"84";"34";"0";"0"
"SLPS_255.74";"001AD680";"03332";"84";"34";"168";"0";"252";"34";"0";"0"
"SLPS_255.74";"001AD6E0";"03332";"84";"34";"252";"0";"336";"34";"0";"0"
"SLPS_255.74";"001AD740";"03332";"84";"34";"336";"0";"420";"34";"0";"0"
"SLPS_255.74";"001AD7A0";"03332";"84";"34";"84";"0";"168";"34";"0";"0"
"SLPS_255.74";"001AD800";"03332";"84";"34";"420";"0";"504";"34";"0";"0"
"SLPS_255.74";"001AD860";"03332";"84";"34";"0";"34";"84";"68";"0";"0"
"SLPS_255.74";"001AD8C0";"03332";"84";"34";"84";"34";"168";"68";"0";"0"
"SLPS_255.74";"001AD920";"03332";"84";"34";"168";"34";"252";"68";"0";"0"
"SLPS_255.74";"001AD980";"03332";"84";"34";"252";"34";"336";"68";"0";"0"
"SLPS_255.74";"001AD9E0";"03332";"84";"34";"336";"34";"420";"68";"0";"0"
"SLPS_255.74";"001ADA40";"03332";"84";"34";"420";"34";"504";"68";"0";"0"
"SLPS_255.74";"001ADAA0";"03332";"84";"34";"0";"68";"84";"102";"0";"0"
"SLPS_255.74";"001ADB00";"03332";"84";"34";"84";"68";"168";"102";"0";"0"
"SLPS_255.74";"001ADB60";"03332";"84";"34";"168";"68";"252";"102";"0";"0"
"SLPS_255.74";"001ADBC0";"03332";"84";"34";"252";"68";"336";"102";"0";"0"
"SLPS_255.74";"001ADC20";"03332";"84";"34";"336";"68";"420";"102";"0";"0"
"SLPS_255.74";"001ADC80";"03332";"84";"34";"420";"68";"504";"102";"0";"0"
"SLPS_255.74";"001ADCE0";"03332";"84";"34";"0";"102";"84";"136";"0";"0"
"SLPS_255.74";"001ADD40";"03332";"84";"34";"84";"102";"168";"136";"0";"0"
"SLPS_255.74";"001ADDA0";"03332";"84";"34";"168";"102";"252";"136";"0";"0"
"SLPS_255.74";"001ADE00";"03324";"184";"32";"0";"0";"184";"32";"108";"72"
"SLPS_255.74";"001ADE60";"03324";"184";"32";"0";"32";"184";"64";"108";"108"
"SLPS_255.74";"001ADEC0";"03324";"184";"32";"0";"64";"184";"96";"108";"144"
"SLPS_255.74";"001ADF20";"03324";"184";"32";"0";"96";"184";"128";"108";"180"
"SLPS_255.74";"001ADF80";"03324";"184";"32";"0";"128";"184";"160";"108";"216"
"SLPS_255.74";"001ADFE0";"03324";"184";"32";"0";"160";"184";"192";"108";"252"
"SLPS_255.74";"001AE040";"03324";"184";"32";"0";"96";"184";"128";"108";"32"
"SLPS_255.74";"001AE0A0";"03330";"184";"32";"0";"0";"184";"32";"108";"72"
"SLPS_255.74";"001AE100";"03330";"184";"32";"0";"32";"184";"64";"108";"108"
"SLPS_255.74";"001AE160";"03330";"184";"32";"0";"64";"184";"96";"108";"144"
"SLPS_255.74";"001AE1C0";"03330";"184";"32";"0";"96";"184";"128";"108";"180"
"SLPS_255.74";"001AED40";"03320";"16";"88";"0";"0";"16";"88";"16";"328"
"SLPS_255.74";"001AEDA0";"03320";"16";"88";"16";"0";"32";"88";"32";"328"
"SLPS_255.74";"001AEE00";"03320";"16";"88";"32";"0";"48";"88";"608";"328"
"SLPS_255.74";"001AEE60";"03323";"640";"32";"0";"0";"640";"32";"0";"416"
"SLPS_255.74";"001AEF20";"03371";"184";"32";"0";"0";"184";"32";"124";"32"
"SLPS_255.74";"001AEF80";"03371";"184";"32";"184";"0";"368";"32";"124";"72"
"SLPS_255.74";"001AEFE0";"03371";"184";"32";"184";"32";"368";"64";"124";"108"
"SLPS_255.74";"001AF040";"03371";"184";"32";"184";"64";"368";"96";"124";"144"
"SLPS_255.74";"001AF0A0";"03371";"184";"32";"0";"32";"184";"64";"124";"72"
"SLPS_255.74";"001AF100";"03371";"184";"32";"0";"64";"184";"96";"124";"108"
"SLPS_255.74";"001AF160";"03371";"184";"32";"0";"96";"184";"128";"124";"144"
"SLPS_255.74";"001AF1C0";"03320";"16";"16";"0";"184";"16";"200";"0";"0"
"SLPS_255.74";"001AF220";"03320";"16";"16";"16";"184";"32";"200";"0";"0"
"SLPS_255.74";"001AF280";"03320";"16";"16";"32";"184";"48";"200";"0";"0"
"SLPS_255.74";"001AF2E0";"03320";"16";"16";"0";"200";"16";"216";"0";"0"
"SLPS_255.74";"001AF340";"03320";"16";"16";"16";"200";"32";"216";"0";"0"
"SLPS_255.74";"001AF3A0";"03320";"16";"16";"32";"200";"48";"216";"0";"0"
"SLPS_255.74";"001AF400";"03320";"16";"16";"0";"216";"16";"232";"0";"0"
"SLPS_255.74";"001AF460";"03320";"16";"16";"16";"216";"32";"232";"0";"0"
"SLPS_255.74";"001AF4C0";"03320";"16";"16";"32";"216";"48";"232";"0";"0"
"SLPS_255.74";"001AF520";"03371";"184";"32";"184";"96";"368";"128";"124";"32"
"SLPS_255.74";"001AF580";"03359";"256";"32";"0";"0";"256";"32";"384";"32"
"SLPS_255.74";"001AF5E0";"03359";"256";"32";"0";"32";"256";"64";"384";"32"
"SLPS_255.74";"001AF640";"03353";"256";"256";"0";"0";"256";"256";"176";"192"
"SLPS_255.74";"001AF6A0";"03354";"256";"256";"0";"0";"256";"256";"464";"192"
"SLPS_255.74";"001AF700";"03371";"184";"32";"184";"128";"368";"160";"124";"32"
"SLPS_255.74";"001AF760";"03375";"256";"256";"0";"0";"256";"256";"320";"224"
"SLPS_255.74";"001AF7C0";"03376";"256";"256";"0";"0";"256";"256";"320";"224"
"SLPS_255.74";"001AF820";"03371";"184";"32";"184";"0";"368";"32";"124";"32"
"SLPS_255.74";"001AF880";"03371";"184";"32";"0";"32";"184";"64";"124";"32"
"SLPS_255.74";"001AF8E0";"03371";"184";"32";"0";"64";"184";"96";"124";"32"
"SLPS_255.74";"001AF940";"03371";"184";"32";"0";"96";"184";"128";"124";"32"
"SLPS_255.74";"001AF9A0";"03323";"640";"32";"0";"128";"640";"160";"0";"416"
"SLPS_255.74";"001B02C0";"03051";"136";"136";"0";"0";"136";"136";"0";"0"
"SLPS_255.74";"001B0320";"03051";"136";"136";"136";"0";"272";"136";"0";"0"
"SLPS_255.74";"001B0380";"03051";"136";"136";"272";"0";"408";"136";"0";"0"
"SLPS_255.74";"001B03E0";"03051";"136";"136";"0";"136";"136";"272";"0";"0"
"SLPS_255.74";"001B0440";"03051";"136";"136";"136";"136";"272";"272";"0";"0"
"SLPS_255.74";"001B04A0";"03051";"136";"136";"272";"136";"408";"272";"0";"0"
"SLPS_255.74";"001B0500";"03056";"136";"136";"0";"0";"136";"136";"0";"0"
"SLPS_255.74";"001B0560";"03056";"136";"136";"136";"0";"272";"136";"0";"0"
"SLPS_255.74";"001B05C0";"03056";"136";"136";"272";"0";"408";"136";"0";"0"
"SLPS_255.74";"001B0620";"03052";"328";"152";"24";"40";"352";"192";"0";"0"
"SLPS_255.74";"001B0680";"03053";"256";"64";"0";"0";"256";"64";"0";"0"
"SLPS_255.74";"001B06E0";"03053";"256";"64";"256";"0";"512";"64";"0";"0"
"SLPS_255.74";"001B0740";"03053";"256";"64";"0";"64";"256";"128";"0";"0"
"SLPS_255.74";"001B07A0";"03053";"256";"64";"256";"64";"512";"128";"0";"0"
"SLPS_255.74";"001B0800";"03053";"256";"64";"0";"128";"256";"192";"0";"0"
"SLPS_255.74";"001B0860";"03053";"256";"64";"256";"128";"512";"192";"0";"0"
"SLPS_255.74";"001B08C0";"03053";"256";"64";"0";"192";"256";"256";"0";"0"
"SLPS_255.74";"001B0920";"03053";"256";"64";"256";"192";"512";"256";"0";"0"
"SLPS_255.74";"001B0980";"03053";"256";"64";"0";"256";"256";"320";"0";"0"
"SLPS_255.74";"001B09E0";"03056";"136";"136";"0";"136";"136";"272";"0";"0"
"SLPS_255.74";"001B0A40";"03056";"136";"136";"136";"136";"272";"272";"0";"0"
"SLPS_255.74";"001B0AA0";"03056";"136";"136";"272";"136";"408";"272";"0";"0"
"SLPS_255.74";"001B0B00";"03056";"136";"136";"0";"272";"136";"408";"0";"0"
"SLPS_255.74";"001B0B60";"03053";"256";"64";"256";"256";"512";"320";"0";"0"
"SLPS_255.74";"001B0BC0";"03053";"256";"64";"0";"320";"256";"384";"0";"0"
"SLPS_255.74";"001B0C20";"03053";"256";"64";"256";"320";"512";"384";"0";"0"
"SLPS_255.74";"001B0C80";"03053";"256";"64";"0";"384";"256";"448";"0";"0"
"SLPS_255.74";"001B0CE0";"03057";"86";"86";"0";"0";"86";"86";"0";"0"
"SLPS_255.74";"001B0D40";"03057";"86";"86";"86";"0";"172";"86";"0";"0"
"SLPS_255.74";"001B0DA0";"03057";"86";"86";"172";"0";"258";"86";"0";"0"
"SLPS_255.74";"001B0E00";"03057";"86";"86";"0";"86";"86";"172";"0";"0"
"SLPS_255.74";"001B0E60";"03057";"86";"86";"86";"86";"172";"172";"0";"0"
"SLPS_255.74";"001B0EC0";"03057";"86";"86";"172";"86";"258";"172";"0";"0"
"SLPS_255.74";"001B0F20";"03055";"86";"86";"0";"0";"86";"86";"0";"0"
"SLPS_255.74";"001B0F80";"03055";"86";"86";"86";"0";"172";"86";"0";"0"
"SLPS_255.74";"001B0FE0";"03055";"86";"86";"172";"0";"258";"86";"0";"0"
"SLPS_255.74";"001B1040";"03055";"86";"86";"258";"0";"344";"86";"0";"0"
"SLPS_255.74";"001B10A0";"03055";"86";"86";"344";"0";"430";"86";"0";"0"
"SLPS_255.74";"001B1100";"03055";"86";"86";"0";"86";"86";"172";"0";"0"
"SLPS_255.74";"001B1160";"03055";"86";"86";"86";"86";"172";"172";"0";"0"
"SLPS_255.74";"001B1220";"03131";"128";"336";"0";"0";"128";"336";"392";"40"
"SLPS_255.74";"001B1280";"03131";"46";"169";"128";"0";"174";"169";"104";"207"
"SLPS_255.74";"001B12E0";"03131";"46";"169";"174";"0";"220";"169";"184";"207"
"SLPS_255.74";"001B19F0";"03061";"408";"200";"0";"0";"408";"200";"216";"216"
"SLPS_255.74";"001B1A50";"03061";"32";"32";"120";"232";"152";"264";"0";"0"
"SLPS_255.74";"001B1AB0";"03061";"120";"32";"0";"232";"120";"264";"0";"0"
"SLPS_255.74";"001B1B10";"03062";"640";"32";"0";"0";"640";"32";"0";"416"
"SLPS_255.74";"001B1B70";"03063";"184";"32";"0";"0";"184";"32";"124";"32"
"SLPS_255.74";"001B1BD0";"03063";"184";"32";"0";"32";"184";"64";"124";"32"
"SLPS_255.74";"001B1C30";"03320";"16";"16";"0";"184";"16";"200";"0";"0"
"SLPS_255.74";"001B1C90";"03320";"16";"16";"16";"184";"32";"200";"0";"0"
"SLPS_255.74";"001B1CF0";"03320";"16";"16";"32";"184";"48";"200";"0";"0"
"SLPS_255.74";"001B1D50";"03320";"16";"16";"0";"200";"16";"216";"0";"0"
"SLPS_255.74";"001B1DB0";"03320";"16";"16";"16";"200";"32";"216";"0";"0"
"SLPS_255.74";"001B1E10";"03320";"16";"16";"32";"200";"48";"216";"0";"0"
"SLPS_255.74";"001B1E70";"03320";"16";"16";"0";"216";"16";"232";"0";"0"
"SLPS_255.74";"001B1ED0";"03320";"16";"16";"16";"216";"32";"232";"0";"0"
"SLPS_255.74";"001B1F30";"03320";"16";"16";"32";"216";"48";"232";"0";"0"
"SLPS_255.74";"001B1F90";"03320";"184";"32";"48";"216";"232";"248";"0";"0"
"SLPS_255.74";"001B1FF0";"03064";"184";"32";"0";"0";"184";"32";"0";"0"
"SLPS_255.74";"001B2050";"03064";"184";"32";"0";"32";"184";"64";"0";"0"
"SLPS_255.74";"001B20B0";"03064";"184";"32";"0";"64";"184";"96";"0";"0"
"SLPS_255.74";"001B2110";"03064";"184";"32";"0";"96";"184";"128";"0";"0"
"SLPS_255.74";"001B2170";"03064";"184";"32";"0";"128";"184";"160";"0";"0"
"SLPS_255.74";"001B21D0";"03064";"184";"32";"0";"160";"184";"192";"0";"0"
"SLPS_255.74";"001B2230";"03064";"184";"32";"0";"192";"184";"224";"0";"0"
"SLPS_255.74";"001B2290";"03064";"184";"32";"0";"224";"184";"256";"0";"0"
"SLPS_255.74";"001B22F0";"03065";"184";"32";"0";"0";"184";"32";"0";"0"
"SLPS_255.74";"001B2350";"03065";"184";"32";"0";"32";"184";"64";"0";"0"
"SLPS_255.74";"001B23B0";"03065";"184";"32";"0";"64";"184";"96";"0";"0"
"SLPS_255.74";"001B2410";"03320";"16";"88";"0";"0";"16";"88";"16";"328"
"SLPS_255.74";"001B2470";"03320";"16";"88";"16";"0";"32";"88";"32";"328"
"SLPS_255.74";"001B24D0";"03320";"16";"88";"32";"0";"48";"88";"608";"328"
"SLPS_255.74";"001B2530";"03066";"184";"32";"0";"0";"184";"32";"108";"72"
"SLPS_255.74";"001B2590";"03066";"184";"32";"0";"32";"184";"64";"108";"108"
"SLPS_255.74";"001B25F0";"03066";"184";"32";"0";"64";"184";"96";"108";"144"
"SLPS_255.74";"001B2650";"03066";"184";"32";"0";"96";"184";"128";"108";"180"
"SLPS_255.74";"001B26B0";"03066";"184";"32";"0";"128";"184";"160";"108";"216"
"SLPS_255.74";"001B2710";"03063";"184";"32";"0";"64";"184";"96";"108";"32"
"SLPS_255.74";"001B2770";"03067";"184";"32";"0";"0";"184";"32";"108";"72"
"SLPS_255.74";"001B27D0";"03067";"184";"32";"0";"32";"184";"64";"108";"108"
"SLPS_255.74";"001B2830";"03067";"184";"32";"0";"64";"184";"96";"108";"144"
"SLPS_255.74";"001B2890";"03066";"184";"32";"0";"0";"184";"32";"108";"32"
"SLPS_255.74";"001B2950";"03329";"420";"16";"0";"0";"420";"16";"204";"76"
"SLPS_255.74";"001B29B0";"03329";"420";"16";"0";"16";"420";"32";"204";"76"
"SLPS_255.74";"001B2A10";"03329";"420";"16";"0";"32";"420";"48";"204";"76"
"SLPS_255.74";"001B2A70";"03329";"420";"16";"0";"48";"420";"64";"204";"76"
"SLPS_255.74";"001B2AD0";"03329";"420";"16";"0";"64";"420";"80";"204";"76"
"SLPS_255.74";"001B2B30";"03329";"84";"40";"420";"0";"504";"40";"0";"0"
"SLPS_255.74";"001B2B90";"03329";"84";"32";"420";"40";"504";"72";"0";"0"
"SLPS_255.74";"001B2BF0";"03332";"84";"34";"252";"0";"336";"34";"0";"0"
"SLPS_255.74";"001B2C50";"03332";"84";"34";"336";"0";"420";"34";"0";"0"
"SLPS_255.74";"001B2CB0";"03332";"84";"34";"84";"34";"168";"68";"0";"0"
"SLPS_255.74";"001B2D10";"03332";"84";"34";"168";"34";"252";"68";"0";"0"
"SLPS_255.74";"001B2D70";"03332";"84";"34";"420";"0";"504";"34";"0";"0"
"SLPS_255.74";"001B2DD0";"03332";"84";"34";"0";"34";"84";"68";"0";"0"
"SLPS_255.74";"001B2E30";"03080";"404";"32";"0";"0";"404";"32";"0";"0"
"SLPS_255.74";"001B2E90";"03080";"404";"32";"0";"32";"404";"64";"0";"0"
"SLPS_255.74";"001B2EF0";"03080";"404";"32";"0";"64";"404";"96";"0";"0"
"SLPS_255.74";"001B2F50";"03080";"404";"32";"0";"96";"404";"128";"0";"0"
"SLPS_255.74";"001B2FB0";"03080";"404";"32";"0";"128";"404";"160";"0";"0"
"SLPS_255.74";"001B3010";"03080";"404";"32";"0";"160";"404";"192";"0";"0"
"SLPS_255.74";"001B3070";"03080";"404";"32";"0";"192";"404";"224";"0";"0"
"SLPS_255.74";"001B30D0";"03080";"404";"32";"0";"224";"404";"256";"0";"0"
"SLPS_255.74";"001B3130";"03080";"404";"32";"0";"256";"404";"288";"0";"0"
"SLPS_255.74";"001B3190";"03080";"404";"32";"0";"288";"404";"320";"0";"0"
"SLPS_255.74";"001B31F0";"03080";"404";"32";"0";"320";"404";"352";"0";"0"
"SLPS_255.74";"001B3250";"03080";"404";"32";"0";"352";"404";"384";"0";"0"
"SLPS_255.74";"001B32B0";"03080";"404";"32";"0";"384";"404";"416";"0";"0"
"SLPS_255.74";"001B3310";"03080";"404";"32";"0";"416";"404";"448";"0";"0"
"SLPS_255.74";"001B3370";"03080";"404";"32";"0";"448";"404";"480";"0";"0"
"SLPS_255.74";"001B33D0";"03080";"404";"32";"0";"480";"404";"512";"0";"0"
"SLPS_255.74";"001B3430";"03081";"404";"32";"0";"0";"404";"32";"0";"0"
"SLPS_255.74";"001B3490";"03081";"404";"32";"0";"32";"404";"64";"0";"0"
"SLPS_255.74";"001B34F0";"03081";"404";"32";"0";"64";"404";"96";"0";"0"
"SLPS_255.74";"001B3550";"03081";"404";"32";"0";"96";"404";"128";"0";"0"
"SLPS_255.74";"001B35B0";"03081";"404";"32";"0";"128";"404";"160";"0";"0"
"SLPS_255.74";"001B3610";"03081";"404";"32";"0";"160";"404";"192";"0";"0"
"SLPS_255.74";"001B3670";"03081";"404";"32";"0";"192";"404";"224";"0";"0"
"SLPS_255.74";"001B36D0";"03081";"404";"32";"0";"224";"404";"256";"0";"0"
"SLPS_255.74";"001B3730";"03081";"404";"32";"0";"256";"404";"288";"0";"0"
"SLPS_255.74";"001B3790";"03081";"404";"32";"0";"288";"404";"320";"0";"0"
"SLPS_255.74";"001B37F0";"03081";"404";"32";"0";"320";"404";"352";"0";"0"
"SLPS_255.74";"001B3850";"03081";"404";"32";"0";"352";"404";"384";"0";"0"
"SLPS_255.74";"001B38B0";"03081";"404";"32";"0";"384";"404";"416";"0";"0"
"SLPS_255.74";"001B3910";"03081";"404";"32";"0";"416";"404";"448";"0";"0"
"SLPS_255.74";"001B3970";"03081";"404";"32";"0";"480";"404";"512";"0";"0"
"SLPS_255.74";"001B39D0";"03082";"404";"32";"0";"0";"404";"32";"0";"0"
"SLPS_255.74";"001B3A30";"03082";"404";"32";"0";"32";"404";"64";"0";"0"
"SLPS_255.74";"001B3A90";"03082";"404";"32";"0";"96";"404";"128";"0";"0"
"SLPS_255.74";"001B3AF0";"03082";"404";"32";"0";"128";"404";"160";"0";"0"
"SLPS_255.74";"001B3B50";"03082";"404";"32";"0";"160";"404";"192";"0";"0"
"SLPS_255.74";"001B3BB0";"03082";"404";"32";"0";"224";"404";"256";"0";"0"
"SLPS_255.74";"001B3C10";"03082";"404";"32";"0";"288";"404";"320";"0";"0"
"SLPS_255.74";"001B3C70";"03082";"404";"32";"0";"320";"404";"352";"0";"0"
"SLPS_255.74";"001B3CD0";"03082";"404";"32";"0";"352";"404";"384";"0";"0"
"SLPS_255.74";"001B3D30";"03082";"404";"32";"0";"416";"404";"448";"0";"0"
"SLPS_255.74";"001B3D90";"03082";"404";"32";"0";"448";"404";"480";"0";"0"
"SLPS_255.74";"001B3DF0";"03082";"404";"32";"0";"480";"404";"512";"0";"0"
"SLPS_255.74";"001B3E50";"03083";"404";"32";"0";"32";"404";"64";"0";"0"
"SLPS_255.74";"001B3EB0";"03083";"404";"32";"0";"96";"404";"128";"0";"0"
"SLPS_255.74";"001B3F10";"03083";"404";"32";"0";"160";"404";"192";"0";"0"
"SLPS_255.74";"001B3F70";"03083";"404";"32";"0";"224";"404";"256";"0";"0"
"SLPS_255.74";"001B3FD0";"03083";"404";"32";"0";"256";"404";"288";"0";"0"
"SLPS_255.74";"001B4030";"03083";"404";"32";"0";"288";"404";"320";"0";"0"
"SLPS_255.74";"001B4090";"03326";"32";"32";"0";"0";"32";"32";"414";"97"
"SLPS_255.74";"001B40F0";"03326";"32";"32";"0";"32";"32";"64";"414";"304"
"SLPS_255.74";"001B4150";"03068";"136";"60";"0";"0";"136";"60";"278";"240"
"SLPS_255.74";"001B41B0";"03068";"136";"60";"0";"60";"136";"120";"414";"240"
"SLPS_255.74";"001B4210";"03066";"184";"32";"0";"32";"184";"64";"108";"32"
"SLPS_255.74";"001B4270";"03067";"184";"32";"0";"96";"184";"128";"108";"72"
"SLPS_255.74";"001B42D0";"03067";"184";"32";"0";"128";"184";"160";"108";"108"
"SLPS_255.74";"001B4330";"03067";"184";"32";"0";"160";"184";"192";"108";"144"
"SLPS_255.74";"001B4390";"03067";"184";"32";"0";"192";"184";"224";"108";"180"
"SLPS_255.74";"001B43F0";"03067";"184";"32";"0";"224";"184";"256";"108";"216"
"SLPS_255.74";"001B4450";"03067";"184";"32";"184";"0";"368";"32";"108";"252"
"SLPS_255.74";"001B44B0";"03067";"184";"32";"184";"32";"368";"64";"108";"288"
"SLPS_255.74";"001B4510";"03066";"184";"32";"0";"64";"184";"96";"108";"32"
"SLPS_255.74";"001B4570";"03067";"184";"32";"184";"64";"368";"96";"108";"72"
"SLPS_255.74";"001B45D0";"03067";"184";"32";"184";"96";"368";"128";"108";"108"
"SLPS_255.74";"001B4630";"03067";"184";"32";"184";"128";"368";"160";"108";"144"
"SLPS_255.74";"001B4690";"03067";"184";"32";"184";"160";"368";"192";"108";"180"
"SLPS_255.74";"001B46F0";"03067";"184";"32";"184";"192";"368";"224";"108";"216"
"SLPS_255.74";"001B4750";"03067";"184";"32";"184";"224";"368";"256";"108";"252"
"SLPS_255.74";"001B47B0";"03067";"184";"32";"0";"256";"184";"288";"108";"288"
"SLPS_255.74";"001B4810";"03066";"184";"32";"0";"96";"184";"128";"108";"32"
"SLPS_255.74";"001B4870";"03067";"184";"32";"0";"288";"184";"320";"108";"72"
"SLPS_255.74";"001B48D0";"03067";"184";"32";"0";"320";"184";"352";"108";"108"
"SLPS_255.74";"001B4930";"03069";"184";"32";"0";"0";"184";"32";"0";"0"
"SLPS_255.74";"001B4990";"03069";"184";"32";"0";"32";"184";"64";"0";"0"
"SLPS_255.74";"001B49F0";"03069";"184";"32";"0";"64";"184";"96";"0";"0"
"SLPS_255.74";"001B4A50";"03069";"184";"32";"0";"96";"184";"128";"0";"0"
"SLPS_255.74";"001B4AB0";"03069";"184";"32";"0";"128";"184";"160";"0";"0"
"SLPS_255.74";"001B4B10";"03069";"184";"32";"0";"160";"184";"192";"0";"0"
"SLPS_255.74";"001B4B70";"03069";"184";"32";"0";"192";"184";"224";"0";"0"
"SLPS_255.74";"001B4BD0";"03069";"184";"32";"0";"224";"184";"256";"0";"0"
"SLPS_255.74";"001B4C30";"03063";"184";"32";"0";"96";"184";"128";"108";"32"
"SLPS_255.74";"001B4C90";"03062";"640";"32";"0";"64";"640";"96";"0";"416"
"SLPS_255.74";"001B4CF0";"03063";"184";"32";"0";"128";"184";"160";"108";"32"
"SLPS_255.74";"001B4D50";"03066";"184";"32";"0";"160";"184";"192";"108";"72"
"SLPS_255.74";"001B4DB0";"03066";"184";"32";"0";"192";"184";"224";"108";"108"
"SLPS_255.74";"001B4E10";"03326";"32";"32";"0";"0";"32";"32";"320";"48"
"SLPS_255.74";"001B4E70";"03326";"32";"32";"0";"32";"32";"64";"320";"368"
"SLPS_255.74";"001B4ED0";"03079";"352";"32";"0";"0";"352";"32";"320";"96"
"SLPS_255.74";"001B4F30";"03079";"240";"64";"0";"32";"240";"96";"320";"208"
"SLPS_255.74";"001B4F90";"03063";"184";"32";"0";"160";"184";"192";"108";"32"
"SLPS_255.74";"001B4FF0";"03078";"256";"32";"0";"0";"256";"32";"144";"72"
"SLPS_255.74";"001B5050";"03078";"256";"32";"0";"32";"256";"64";"144";"108"
"SLPS_255.74";"001B50B0";"03078";"256";"32";"0";"64";"256";"96";"144";"144"
"SLPS_255.74";"001B5110";"03076";"608";"48";"0";"0";"608";"48";"0";"0"
"SLPS_255.74";"001B5170";"03326";"32";"32";"0";"0";"32";"32";"320";"32"
"SLPS_255.74";"001B51D0";"03326";"32";"32";"0";"32";"32";"64";"320";"392"
"SLPS_255.74";"001B5230";"03077";"16";"144";"0";"0";"16";"144";"16";"16"
"SLPS_255.74";"001B5290";"03077";"16";"144";"16";"0";"32";"144";"32";"16"
"SLPS_255.74";"001B52F0";"03077";"16";"144";"32";"0";"48";"144";"96";"16"
"SLPS_255.74";"001B5350";"03077";"16";"144";"48";"0";"64";"144";"112";"16"
"SLPS_255.74";"001B53B0";"03077";"16";"144";"64";"0";"80";"144";"528";"16"
"SLPS_255.74";"001B5410";"03077";"16";"144";"80";"0";"96";"144";"608";"16"
"SLPS_255.74";"001B5470";"03077";"16";"232";"96";"0";"112";"232";"16";"176"
"SLPS_255.74";"001B54D0";"03077";"16";"232";"112";"0";"128";"232";"32";"176"
"SLPS_255.74";"001B5530";"03077";"16";"232";"128";"0";"144";"232";"608";"176"
"SLPS_255.74";"001B5590";"03062";"640";"32";"0";"96";"640";"128";"0";"416"
"SLPS_255.74";"001B55F0";"03062";"640";"32";"0";"128";"640";"160";"0";"416"
"SLPS_255.74";"001B5650";"03064";"184";"32";"0";"256";"184";"288";"0";"0"
"SLPS_255.74";"001B56B0";"03064";"184";"32";"0";"288";"184";"320";"0";"0"
"SLPS_255.74";"001B5710";"03065";"184";"32";"0";"96";"184";"128";"0";"0"
"SLPS_255.74";"001B5770";"03065";"184";"32";"0";"128";"184";"160";"0";"0"
"SLPS_255.74";"001B57D0";"03065";"184";"32";"0";"160";"184";"192";"0";"0"
"SLPS_255.74";"001B5830";"03065";"184";"32";"0";"192";"184";"224";"0";"0"
"SLPS_255.74";"001B5890";"03065";"184";"32";"0";"224";"184";"256";"0";"0"
"SLPS_255.74";"001B58F0";"03065";"184";"32";"184";"0";"368";"32";"0";"0"
"SLPS_255.74";"001B5950";"03065";"184";"32";"184";"32";"368";"64";"0";"0"
"SLPS_255.74";"001B59B0";"03065";"184";"32";"184";"64";"368";"96";"0";"0"
"SLPS_255.74";"001B5A10";"03065";"184";"32";"184";"96";"368";"128";"0";"0"
"SLPS_255.74";"001B5A70";"03065";"184";"32";"184";"128";"368";"160";"0";"0"
"SLPS_255.74";"001B5AD0";"03065";"184";"32";"184";"160";"368";"192";"0";"0"
"SLPS_255.74";"001B5B30";"03065";"184";"32";"184";"192";"368";"224";"0";"0"
"SLPS_255.74";"001B5B90";"03065";"184";"32";"184";"224";"368";"256";"0";"0"
"SLPS_255.74";"001B5BF0";"03332";"84";"34";"252";"34";"336";"68";"0";"0"
"SLPS_255.74";"001B5C50";"03075";"88";"32";"0";"0";"88";"32";"300";"268"
"SLPS_255.74";"001B5CB0";"03075";"88";"32";"0";"32";"88";"64";"300";"300"
"SLPS_255.74";"001B5D10";"03075";"88";"32";"0";"64";"88";"96";"300";"332"
"SLPS_255.74";"001B5D70";"03075";"88";"32";"0";"96";"88";"128";"300";"364"
"SLPS_255.74";"001B5DD0";"03075";"88";"32";"0";"128";"88";"160";"300";"396"
"SLPS_255.74";"001B5E30";"03075";"88";"32";"0";"160";"88";"192";"436";"268"
"SLPS_255.74";"001B5E90";"03075";"88";"32";"0";"192";"88";"224";"436";"300"
"SLPS_255.74";"001B5EF0";"03075";"88";"32";"88";"0";"176";"32";"436";"332"
"SLPS_255.74";"001B5F50";"03075";"88";"32";"88";"32";"176";"64";"436";"364"
"SLPS_255.74";"001B5FB0";"03075";"88";"32";"88";"64";"176";"96";"572";"268"
"SLPS_255.74";"001B6010";"03075";"88";"32";"88";"96";"176";"128";"572";"300"
"SLPS_255.74";"001B6070";"03075";"88";"32";"88";"128";"176";"160";"572";"332"
"SLPS_255.74";"001B60D0";"03075";"88";"32";"88";"160";"176";"192";"572";"364"
"SLPS_255.74";"001B6130";"03075";"88";"32";"88";"192";"176";"224";"0";"0"
"SLPS_255.74";"001B6250";"03083";"404";"32";"0";"320";"404";"352";"0";"0"
"SLPS_255.74";"001B62B0";"03083";"404";"32";"0";"352";"404";"384";"0";"0"
"SLPS_255.74";"001B6310";"03083";"404";"32";"0";"384";"404";"416";"0";"0"
"SLPS_255.74";"001B86A0";"03320";"16";"88";"0";"0";"16";"88";"16";"328"
"SLPS_255.74";"001B8700";"03320";"16";"88";"16";"0";"32";"88";"32";"328"
"SLPS_255.74";"001B8760";"03320";"16";"88";"32";"0";"48";"88";"608";"328"
"SLPS_255.74";"001B87C0";"03323";"640";"32";"0";"96";"640";"128";"0";"416"
"SLPS_255.74";"001B8820";"03325";"480";"32";"0";"320";"480";"352";"80";"104"
"SLPS_255.74";"001B8880";"03325";"480";"32";"0";"352";"480";"384";"80";"144"
"SLPS_255.74";"001B88E0";"03325";"480";"32";"0";"384";"480";"416";"80";"184"
"SLPS_255.74";"001B8940";"03325";"480";"32";"0";"416";"480";"448";"80";"224"
"SLPS_255.74";"001B89A0";"03325";"480";"32";"0";"448";"480";"480";"80";"264"
"SLPS_255.74";"001B8AC0";"03070";"184";"32";"0";"0";"184";"32";"124";"32"
"SLPS_255.74";"001C0110";"03540";"640";"448";"0";"0";"640";"448";"0";"0"
"SLPS_255.74";"001C0170";"03541";"160";"56";"0";"0";"160";"56";"30";"41"
"SLPS_255.74";"001C01D0";"03541";"160";"56";"0";"56";"160";"112";"30";"41"
"SLPS_255.74";"001C0230";"03542";"40";"40";"0";"0";"40";"40";"27";"126"
"SLPS_255.74";"001C0290";"03542";"40";"40";"40";"0";"80";"40";"27";"232"
"SLPS_255.74";"001C02F0";"03542";"40";"40";"80";"0";"120";"40";"27";"338"
"SLPS_255.74";"001C0350";"03542";"40";"40";"0";"40";"40";"80";"27";"126"
"SLPS_255.74";"001C03B0";"03542";"40";"40";"40";"40";"80";"80";"27";"232"
"SLPS_255.74";"001C0410";"03542";"40";"40";"80";"40";"120";"80";"27";"338"
"SLPS_255.74";"001C0470";"03542";"128";"24";"0";"80";"128";"104";"477";"57"
"SLPS_255.74";"001C04D0";"03542";"128";"24";"0";"104";"128";"128";"477";"57"
"SLPS_255.74";"001C0530";"03542";"24";"24";"128";"80";"152";"104";"9";"212"
"SLPS_255.74";"001C0590";"03542";"24";"24";"128";"104";"152";"128";"605";"212"
"SLPS_255.74";"001C05F0";"03543";"592";"80";"0";"0";"592";"80";"0";"0"
"SLPS_255.74";"001C0910";"03536";"640";"448";"0";"0";"640";"448";"0";"0"
"SLPS_255.74";"001C0970";"03537";"336";"336";"0";"0";"336";"336";"213";"105"
"SLPS_255.74";"001C09D0";"03539";"96";"32";"0";"0";"96";"32";"272";"330"
"SLPS_255.74";"001C0A30";"03539";"96";"32";"96";"0";"192";"32";"272";"330"
"SLPS_255.74";"001C0A90";"03539";"100";"32";"0";"32";"100";"64";"214";"372"
"SLPS_255.74";"001C0AF0";"03539";"100";"32";"0";"64";"100";"96";"214";"372"
"SLPS_255.74";"001C0B50";"03539";"100";"32";"100";"32";"200";"64";"326";"372"
"SLPS_255.74";"001C0BB0";"03539";"100";"32";"100";"64";"200";"96";"326";"372"
"SLPS_255.74";"001C0C10";"03539";"24";"24";"200";"0";"224";"24";"370";"334"
"SLPS_255.74";"001C0C70";"03539";"24";"24";"200";"24";"224";"48";"246";"334"
"SLPS_255.74";"001C0CD0";"03538";"336";"336";"0";"0";"336";"336";"98";"105"
